section,subsection,indicator,max
1. POLICY & COMMITMENTS,1.1 What are the company’s human rights and environmental policies? ,Animal Welfare,0.25
1. POLICY & COMMITMENTS,1.1 What are the company’s human rights and environmental policies? ,Annual Leave & Public Holidays,0.25
1. POLICY & COMMITMENTS,1.1 What are the company’s human rights and environmental policies? ,"Anti-bribery, Corruption, & Presentation of False Information",0.25
1. POLICY & COMMITMENTS,1.1 What are the company’s human rights and environmental policies? ,Biodiversity & Conservation ,0.25
1. POLICY & COMMITMENTS,1.1 What are the company’s human rights and environmental policies? ,Community Engagement,0.25
1. POLICY & COMMITMENTS,1.1 What are the company’s human rights and environmental policies? ,Discrimination,0.25
1. POLICY & COMMITMENTS,1.1 What are the company’s human rights and environmental policies? ,Diversity & Inclusion ,0.25
1. POLICY & COMMITMENTS,1.1 What are the company’s human rights and environmental policies? ,Energy & Greenhouse Gas Emissions,0.25
1. POLICY & COMMITMENTS,1.1 What are the company’s human rights and environmental policies? ,Equal Pay ,0.25
1. POLICY & COMMITMENTS,1.1 What are the company’s human rights and environmental policies? ,"Freedom of Association, Right to Organise & Collective Bargaining ",0.25
1. POLICY & COMMITMENTS,1.1 What are the company’s human rights and environmental policies? ,Harassment & Violence,0.25
1. POLICY & COMMITMENTS,1.1 What are the company’s human rights and environmental policies? ,Health & Safety,0.25
1. POLICY & COMMITMENTS,1.1 What are the company’s human rights and environmental policies? ,Maternity Rights & Parental Leave ,0.25
1. POLICY & COMMITMENTS,1.1 What are the company’s human rights and environmental policies? ,Mental Health & Wellbeing,0.25
1. POLICY & COMMITMENTS,1.1 What are the company’s human rights and environmental policies? ,Restricted Substance List (RSL),0.25
1. POLICY & COMMITMENTS,1.1 What are the company’s human rights and environmental policies? ,"Wages & Financial Benefits (e.g. bonuses, insurance, social security, pensions)",0.25
1. POLICY & COMMITMENTS,1.1 What are the company’s human rights and environmental policies? ,Waste & Recycling (Packaging/Office/Retail),0.25
1. POLICY & COMMITMENTS,1.1 What are the company’s human rights and environmental policies? ,Waste & Recycling (Product/Textiles) ,0.25
1. POLICY & COMMITMENTS,1.1 What are the company’s human rights and environmental policies? ,Water Consumption,0.25
1. POLICY & COMMITMENTS,1.1 What are the company’s human rights and environmental policies? ,Working Hours & Rest Breaks,0.25
1. POLICY & COMMITMENTS,"1.2 What are the company’s vendor/supplier policies covering human rights and environmental standards across the supply chain? (e.g. Code of Conduct, Terms of Engagement, Supplier Guidebook)",Annual Leave & Public Holidays,0.25
1. POLICY & COMMITMENTS,"1.2 What are the company’s vendor/supplier policies covering human rights and environmental standards across the supply chain? (e.g. Code of Conduct, Terms of Engagement, Supplier Guidebook)","Anti-bribery, Corruption & Presentation of False Information",0.25
1. POLICY & COMMITMENTS,"1.2 What are the company’s vendor/supplier policies covering human rights and environmental standards across the supply chain? (e.g. Code of Conduct, Terms of Engagement, Supplier Guidebook)",Biodiversity & Conservation ,0.25
1. POLICY & COMMITMENTS,"1.2 What are the company’s vendor/supplier policies covering human rights and environmental standards across the supply chain? (e.g. Code of Conduct, Terms of Engagement, Supplier Guidebook)",Child Labour ,0.25
1. POLICY & COMMITMENTS,"1.2 What are the company’s vendor/supplier policies covering human rights and environmental standards across the supply chain? (e.g. Code of Conduct, Terms of Engagement, Supplier Guidebook)",Community Engagement,0.25
1. POLICY & COMMITMENTS,"1.2 What are the company’s vendor/supplier policies covering human rights and environmental standards across the supply chain? (e.g. Code of Conduct, Terms of Engagement, Supplier Guidebook)","Contracts & Terms of Employment (including notice period, dismissal & disciplinary action)",0.25
1. POLICY & COMMITMENTS,"1.2 What are the company’s vendor/supplier policies covering human rights and environmental standards across the supply chain? (e.g. Code of Conduct, Terms of Engagement, Supplier Guidebook)",Discrimination,0.25
1. POLICY & COMMITMENTS,"1.2 What are the company’s vendor/supplier policies covering human rights and environmental standards across the supply chain? (e.g. Code of Conduct, Terms of Engagement, Supplier Guidebook)",Energy & Greenhouse Gas Emissions,0.25
1. POLICY & COMMITMENTS,"1.2 What are the company’s vendor/supplier policies covering human rights and environmental standards across the supply chain? (e.g. Code of Conduct, Terms of Engagement, Supplier Guidebook)",Equal Pay ,0.25
1. POLICY & COMMITMENTS,"1.2 What are the company’s vendor/supplier policies covering human rights and environmental standards across the supply chain? (e.g. Code of Conduct, Terms of Engagement, Supplier Guidebook)",Forced & Bonded Labour,0.25
1. POLICY & COMMITMENTS,"1.2 What are the company’s vendor/supplier policies covering human rights and environmental standards across the supply chain? (e.g. Code of Conduct, Terms of Engagement, Supplier Guidebook)",Foreign & Migrant Labour ,0.25
1. POLICY & COMMITMENTS,"1.2 What are the company’s vendor/supplier policies covering human rights and environmental standards across the supply chain? (e.g. Code of Conduct, Terms of Engagement, Supplier Guidebook)","Freedom of Association, Right to Organise & Collective Bargaining ",0.25
1. POLICY & COMMITMENTS,"1.2 What are the company’s vendor/supplier policies covering human rights and environmental standards across the supply chain? (e.g. Code of Conduct, Terms of Engagement, Supplier Guidebook)",Harassment & Violence,0.25
1. POLICY & COMMITMENTS,"1.2 What are the company’s vendor/supplier policies covering human rights and environmental standards across the supply chain? (e.g. Code of Conduct, Terms of Engagement, Supplier Guidebook)",Health & Safety,0.25
1. POLICY & COMMITMENTS,"1.2 What are the company’s vendor/supplier policies covering human rights and environmental standards across the supply chain? (e.g. Code of Conduct, Terms of Engagement, Supplier Guidebook)",Homeworking,0.25
1. POLICY & COMMITMENTS,"1.2 What are the company’s vendor/supplier policies covering human rights and environmental standards across the supply chain? (e.g. Code of Conduct, Terms of Engagement, Supplier Guidebook)",Living Conditions/Dormitories,0.25
1. POLICY & COMMITMENTS,"1.2 What are the company’s vendor/supplier policies covering human rights and environmental standards across the supply chain? (e.g. Code of Conduct, Terms of Engagement, Supplier Guidebook)",Manufacturing Restricted Substances List (MRSL),0.25
1. POLICY & COMMITMENTS,"1.2 What are the company’s vendor/supplier policies covering human rights and environmental standards across the supply chain? (e.g. Code of Conduct, Terms of Engagement, Supplier Guidebook)",Maternity Rights & Parental Leave ,0.25
1. POLICY & COMMITMENTS,"1.2 What are the company’s vendor/supplier policies covering human rights and environmental standards across the supply chain? (e.g. Code of Conduct, Terms of Engagement, Supplier Guidebook)",Overtime Pay,0.25
1. POLICY & COMMITMENTS,"1.2 What are the company’s vendor/supplier policies covering human rights and environmental standards across the supply chain? (e.g. Code of Conduct, Terms of Engagement, Supplier Guidebook)",Subcontracting,0.25
1. POLICY & COMMITMENTS,"1.2 What are the company’s vendor/supplier policies covering human rights and environmental standards across the supply chain? (e.g. Code of Conduct, Terms of Engagement, Supplier Guidebook)","Wages & Financial Benefits (e.g. bonuses, insurance, social security, pensions)",0.25
1. POLICY & COMMITMENTS,"1.2 What are the company’s vendor/supplier policies covering human rights and environmental standards across the supply chain? (e.g. Code of Conduct, Terms of Engagement, Supplier Guidebook)",Waste & Recycling (Packaging/Office/Facility),0.25
1. POLICY & COMMITMENTS,"1.2 What are the company’s vendor/supplier policies covering human rights and environmental standards across the supply chain? (e.g. Code of Conduct, Terms of Engagement, Supplier Guidebook)",Waste & Recycling (Product/Textiles) ,0.25
1. POLICY & COMMITMENTS,"1.2 What are the company’s vendor/supplier policies covering human rights and environmental standards across the supply chain? (e.g. Code of Conduct, Terms of Engagement, Supplier Guidebook)",Water Effluents & Treatment,0.25
1. POLICY & COMMITMENTS,"1.2 What are the company’s vendor/supplier policies covering human rights and environmental standards across the supply chain? (e.g. Code of Conduct, Terms of Engagement, Supplier Guidebook)",Water Consumption,0.25
1. POLICY & COMMITMENTS,"1.2 What are the company’s vendor/supplier policies covering human rights and environmental standards across the supply chain? (e.g. Code of Conduct, Terms of Engagement, Supplier Guidebook)",Working Hours & Rest Breaks,0.25
1. POLICY & COMMITMENTS,"1.2 What are the company’s vendor/supplier policies covering human rights and environmental standards across the supply chain? (e.g. Code of Conduct, Terms of Engagement, Supplier Guidebook)","Does the company state that its supplier/vendor policies are based on credible international standards such as the Ethical Trading Initiative Base Code, relevant UN and ILO Conventions, OECD Guidelines for Multinational Enterprises or the UN Global Compact",0.5
1. POLICY & COMMITMENTS,"1.2 What are the company’s vendor/supplier policies covering human rights and environmental standards across the supply chain? (e.g. Code of Conduct, Terms of Engagement, Supplier Guidebook)",Does the company publish whether the policy (or policies) is part of the purchase agreement or if a supplier signature is required,1
1. POLICY & COMMITMENTS,"1.2 What are the company’s vendor/supplier policies covering human rights and environmental standards across the supply chain? (e.g. Code of Conduct, Terms of Engagement, Supplier Guidebook)",Publishes translations of the supplier/vendor policies/CoC in local languages of production/sourcing countries,1
1. POLICY & COMMITMENTS,1.3 Publishes the company’s human rights and environmental management procedures (i.e. how the company is putting its policies 1.1 and 1.2 into action; simply auditing for compliance is not enough to score points) Reports published after January 2020,Animal Welfare,0.5
1. POLICY & COMMITMENTS,1.3 Publishes the company’s human rights and environmental management procedures (i.e. how the company is putting its policies 1.1 and 1.2 into action; simply auditing for compliance is not enough to score points) Reports published after January 2020,Annual Leave & Public Holidays,0.5
1. POLICY & COMMITMENTS,1.3 Publishes the company’s human rights and environmental management procedures (i.e. how the company is putting its policies 1.1 and 1.2 into action; simply auditing for compliance is not enough to score points) Reports published after January 2020,"Anti-bribery, Corruption & Presentation of False Information",0.5
1. POLICY & COMMITMENTS,1.3 Publishes the company’s human rights and environmental management procedures (i.e. how the company is putting its policies 1.1 and 1.2 into action; simply auditing for compliance is not enough to score points) Reports published after January 2020,Biodiversity & Conservation ,0.5
1. POLICY & COMMITMENTS,1.3 Publishes the company’s human rights and environmental management procedures (i.e. how the company is putting its policies 1.1 and 1.2 into action; simply auditing for compliance is not enough to score points) Reports published after January 2020,Child Labour ,0.5
1. POLICY & COMMITMENTS,1.3 Publishes the company’s human rights and environmental management procedures (i.e. how the company is putting its policies 1.1 and 1.2 into action; simply auditing for compliance is not enough to score points) Reports published after January 2020,Community Engagement,0.5
1. POLICY & COMMITMENTS,1.3 Publishes the company’s human rights and environmental management procedures (i.e. how the company is putting its policies 1.1 and 1.2 into action; simply auditing for compliance is not enough to score points) Reports published after January 2020,"Contracts & Terms of Employment (including notice period, dismissal & disciplinary action)",0.5
1. POLICY & COMMITMENTS,1.3 Publishes the company’s human rights and environmental management procedures (i.e. how the company is putting its policies 1.1 and 1.2 into action; simply auditing for compliance is not enough to score points) Reports published after January 2020,Discrimination ,0.5
1. POLICY & COMMITMENTS,1.3 Publishes the company’s human rights and environmental management procedures (i.e. how the company is putting its policies 1.1 and 1.2 into action; simply auditing for compliance is not enough to score points) Reports published after January 2020,Diversity & Inclusion ,0.5
1. POLICY & COMMITMENTS,1.3 Publishes the company’s human rights and environmental management procedures (i.e. how the company is putting its policies 1.1 and 1.2 into action; simply auditing for compliance is not enough to score points) Reports published after January 2020,Energy & Greenhouse Gas Emissions,0.5
1. POLICY & COMMITMENTS,1.3 Publishes the company’s human rights and environmental management procedures (i.e. how the company is putting its policies 1.1 and 1.2 into action; simply auditing for compliance is not enough to score points) Reports published after January 2020,Equal Pay ,0.5
1. POLICY & COMMITMENTS,1.3 Publishes the company’s human rights and environmental management procedures (i.e. how the company is putting its policies 1.1 and 1.2 into action; simply auditing for compliance is not enough to score points) Reports published after January 2020,Forced & Bonded Labour,0.5
1. POLICY & COMMITMENTS,1.3 Publishes the company’s human rights and environmental management procedures (i.e. how the company is putting its policies 1.1 and 1.2 into action; simply auditing for compliance is not enough to score points) Reports published after January 2020,Foreign & Migrant Labour ,0.5
1. POLICY & COMMITMENTS,1.3 Publishes the company’s human rights and environmental management procedures (i.e. how the company is putting its policies 1.1 and 1.2 into action; simply auditing for compliance is not enough to score points) Reports published after January 2020,"Freedom of Association, Right to Organise & Collective Bargaining ",0.5
1. POLICY & COMMITMENTS,1.3 Publishes the company’s human rights and environmental management procedures (i.e. how the company is putting its policies 1.1 and 1.2 into action; simply auditing for compliance is not enough to score points) Reports published after January 2020,Harassment & Violence,0.5
1. POLICY & COMMITMENTS,1.3 Publishes the company’s human rights and environmental management procedures (i.e. how the company is putting its policies 1.1 and 1.2 into action; simply auditing for compliance is not enough to score points) Reports published after January 2020,Health & Safety,0.5
1. POLICY & COMMITMENTS,1.3 Publishes the company’s human rights and environmental management procedures (i.e. how the company is putting its policies 1.1 and 1.2 into action; simply auditing for compliance is not enough to score points) Reports published after January 2020,Homeworking,0.5
1. POLICY & COMMITMENTS,1.3 Publishes the company’s human rights and environmental management procedures (i.e. how the company is putting its policies 1.1 and 1.2 into action; simply auditing for compliance is not enough to score points) Reports published after January 2020,Living Conditions/Dormitories,0.5
1. POLICY & COMMITMENTS,1.3 Publishes the company’s human rights and environmental management procedures (i.e. how the company is putting its policies 1.1 and 1.2 into action; simply auditing for compliance is not enough to score points) Reports published after January 2020,Manufacturing Restricted Substances List (MRSL),0.5
1. POLICY & COMMITMENTS,1.3 Publishes the company’s human rights and environmental management procedures (i.e. how the company is putting its policies 1.1 and 1.2 into action; simply auditing for compliance is not enough to score points) Reports published after January 2020,Maternity Rights & Parental Leave ,0.5
1. POLICY & COMMITMENTS,1.3 Publishes the company’s human rights and environmental management procedures (i.e. how the company is putting its policies 1.1 and 1.2 into action; simply auditing for compliance is not enough to score points) Reports published after January 2020,Mental Health & Wellbeing,0.5
1. POLICY & COMMITMENTS,1.3 Publishes the company’s human rights and environmental management procedures (i.e. how the company is putting its policies 1.1 and 1.2 into action; simply auditing for compliance is not enough to score points) Reports published after January 2020,Overtime Pay,0.5
1. POLICY & COMMITMENTS,1.3 Publishes the company’s human rights and environmental management procedures (i.e. how the company is putting its policies 1.1 and 1.2 into action; simply auditing for compliance is not enough to score points) Reports published after January 2020,Restricted Substances List (RSL),0.5
1. POLICY & COMMITMENTS,1.3 Publishes the company’s human rights and environmental management procedures (i.e. how the company is putting its policies 1.1 and 1.2 into action; simply auditing for compliance is not enough to score points) Reports published after January 2020,Subcontracting,0.5
1. POLICY & COMMITMENTS,1.3 Publishes the company’s human rights and environmental management procedures (i.e. how the company is putting its policies 1.1 and 1.2 into action; simply auditing for compliance is not enough to score points) Reports published after January 2020,"Wages & Benefits (e.g. bonuses, insurance, social security, pensions)",0.5
1. POLICY & COMMITMENTS,1.3 Publishes the company’s human rights and environmental management procedures (i.e. how the company is putting its policies 1.1 and 1.2 into action; simply auditing for compliance is not enough to score points) Reports published after January 2020,Waste & Recycling (Packaging/Office/Facility/Retail),0.5
1. POLICY & COMMITMENTS,1.3 Publishes the company’s human rights and environmental management procedures (i.e. how the company is putting its policies 1.1 and 1.2 into action; simply auditing for compliance is not enough to score points) Reports published after January 2020,Waste & Recycling (Product/Textiles) ,0.5
1. POLICY & COMMITMENTS,1.3 Publishes the company’s human rights and environmental management procedures (i.e. how the company is putting its policies 1.1 and 1.2 into action; simply auditing for compliance is not enough to score points) Reports published after January 2020,Water Effluents & Treatment,0.5
1. POLICY & COMMITMENTS,1.3 Publishes the company’s human rights and environmental management procedures (i.e. how the company is putting its policies 1.1 and 1.2 into action; simply auditing for compliance is not enough to score points) Reports published after January 2020,Water Consumption,0.5
1. POLICY & COMMITMENTS,1.3 Publishes the company’s human rights and environmental management procedures (i.e. how the company is putting its policies 1.1 and 1.2 into action; simply auditing for compliance is not enough to score points) Reports published after January 2020,Working Hours & Rest Breaks,0.5
1. POLICY & COMMITMENTS,1.4 Publishes a strategic plan towards progressively improving human rights and environmental impacts (i.e. roadmap or vision document) Must cover dates in the future,"Publishes measurable, time-bound and long-term commitments, targets or goals on improving human rights",0.5
1. POLICY & COMMITMENTS,1.4 Publishes a strategic plan towards progressively improving human rights and environmental impacts (i.e. roadmap or vision document) Must cover dates in the future,"Publishes measurable, time-bound and long-term commitments, targets or goals on improving environmental impacts",0.5
1. POLICY & COMMITMENTS,1.4 Publishes a strategic plan towards progressively improving human rights and environmental impacts (i.e. roadmap or vision document) Must cover dates in the future,"Annual, up-to-date disclosure of progress towards achieving the company's measurable, time-bound and long-term human rights commitments, targets or goals ",1
1. POLICY & COMMITMENTS,1.4 Publishes a strategic plan towards progressively improving human rights and environmental impacts (i.e. roadmap or vision document) Must cover dates in the future,"Annual, up-to-date disclosure of progress towards achieving the company's measurable, time-bound and long-term environmental commitments, targets or goals ",1
1. POLICY & COMMITMENTS,1.5 Publishes an annual sustainability or corporate social responsibility report that is audited or verified by an independent third party. Reports published after January 2020,Publishes an annual sustainability or corporate social responsibility report (could also be found within annual company report) that is audited or verified by an independent third party. ,1
2. GOVERNANCE,2.1 Publicly discloses contact details for the department the company that has responsibility for human rights and environmental issues,Discloses direct contact details for relevant department (e.g. email address and/or phone number of sustainability or CSR team),1
2. GOVERNANCE,2.2 Publicly discloses the company board member or board committee accountable for human rights and environmental issues,Discloses name and/or direct contact details of board member responsible for human rights and environmental issues in the business,1
2. GOVERNANCE,2.2 Publicly discloses the company board member or board committee accountable for human rights and environmental issues,Publishes description of how board level accountability is implemented in practice ,1
2. GOVERNANCE,2.2 Publicly discloses the company board member or board committee accountable for human rights and environmental issues,Worker representation on the corporate board of directors,1
2. GOVERNANCE,2.3 Publicly acknowledges how the company prioritises money spent on managing and implementing CSR and sustainability activities ,Publishes a responsible tax strategy,1
2. GOVERNANCE,2.4 Publishes how the company incorporates human rights and environmental performance into purchasing practices,"Discloses how employees beyond the CSR/sustainability/ethical trade team (sourcing, production, buyers, designers, merchandisers) incentives (e.g. bonuses; part of employee performance reviews) are tied to improvements in human rights impacts and environmental management",1
2. GOVERNANCE,2.4 Publishes how the company incorporates human rights and environmental performance into purchasing practices,"Discloses how executive (e.g. CEO, CFO, president) pay, bonuses and/or performance reviews are tied to improvements in human rights impacts and environmental management",2
2. GOVERNANCE,2.4 Publishes how the company incorporates human rights and environmental performance into purchasing practices,% of executive bonus or pay linked to environmental and social targets,1
2. GOVERNANCE,2.4 Publishes how the company incorporates human rights and environmental performance into purchasing practices,"Description of how suppliers incentives are tied to improvement in good labour practices and environmental management (e.g. long-term commitments to purchase, longer contracts, increased orders, price premiums, fewer audits)",2
3. TRACEABILITY,"3.1 Publishes tier one factories (direct relationship with buyer e.g. production units, Cut Make Trim (CMT) facilities, garment sewing, garment finishing, full package production and packaging and storage)",Name of Facility,3
3. TRACEABILITY,"3.1 Publishes tier one factories (direct relationship with buyer e.g. production units, Cut Make Trim (CMT) facilities, garment sewing, garment finishing, full package production and packaging and storage)","Name of Parent Company (for each facility, if applicable)

",3
3. TRACEABILITY,"3.1 Publishes tier one factories (direct relationship with buyer e.g. production units, Cut Make Trim (CMT) facilities, garment sewing, garment finishing, full package production and packaging and storage)",Address,3
3. TRACEABILITY,"3.1 Publishes tier one factories (direct relationship with buyer e.g. production units, Cut Make Trim (CMT) facilities, garment sewing, garment finishing, full package production and packaging and storage)",Type of products or services,2
3. TRACEABILITY,"3.1 Publishes tier one factories (direct relationship with buyer e.g. production units, Cut Make Trim (CMT) facilities, garment sewing, garment finishing, full package production and packaging and storage)",Approximate number of workers at each site,1
3. TRACEABILITY,"3.1 Publishes tier one factories (direct relationship with buyer e.g. production units, Cut Make Trim (CMT) facilities, garment sewing, garment finishing, full package production and packaging and storage)","Weekly take-home wage for entry-level workers based on a standard work week of no more than 48 weekly working hours, excluding overtime.",1
3. TRACEABILITY,"3.1 Publishes tier one factories (direct relationship with buyer e.g. production units, Cut Make Trim (CMT) facilities, garment sewing, garment finishing, full package production and packaging and storage)",Discloses if the facility has a trade union and the name of the trade union ,2
3. TRACEABILITY,"3.1 Publishes tier one factories (direct relationship with buyer e.g. production units, Cut Make Trim (CMT) facilities, garment sewing, garment finishing, full package production and packaging and storage)",If the facility has an independent worker committee,1
3. TRACEABILITY,"3.1 Publishes tier one factories (direct relationship with buyer e.g. production units, Cut Make Trim (CMT) facilities, garment sewing, garment finishing, full package production and packaging and storage)",Sex-disaggregated breakdown of workers at each site,1
3. TRACEABILITY,"3.1 Publishes tier one factories (direct relationship with buyer e.g. production units, Cut Make Trim (CMT) facilities, garment sewing, garment finishing, full package production and packaging and storage)",% or number of migrant or contract workers,1
3. TRACEABILITY,"3.1 Publishes tier one factories (direct relationship with buyer e.g. production units, Cut Make Trim (CMT) facilities, garment sewing, garment finishing, full package production and packaging and storage)",Discloses length of time worked with suppliers,1
3. TRACEABILITY,"3.1 Publishes tier one factories (direct relationship with buyer e.g. production units, Cut Make Trim (CMT) facilities, garment sewing, garment finishing, full package production and packaging and storage)","What certifications, if any, the facility has",2
3. TRACEABILITY,"3.1 Publishes tier one factories (direct relationship with buyer e.g. production units, Cut Make Trim (CMT) facilities, garment sewing, garment finishing, full package production and packaging and storage)","List is publicly available as a csv, json or Excel spreadsheet (aligning with the Open Data Standard for the Apparel Sector) in order to make this information easy to use for trade unions and NGOs ",2
3. TRACEABILITY,"3.1 Publishes tier one factories (direct relationship with buyer e.g. production units, Cut Make Trim (CMT) facilities, garment sewing, garment finishing, full package production and packaging and storage)","List contributed to the Open Supply Hub (formerly known as the Open Apparel Registry), in order to enable collaboration, as well as easy and efficient access for trade unions & NGOs",1
3. TRACEABILITY,"3.1 Publishes tier one factories (direct relationship with buyer e.g. production units, Cut Make Trim (CMT) facilities, garment sewing, garment finishing, full package production and packaging and storage)",Discloses aggregate volume of business that is captured by the disclosure and the percentage of total supplier factories published,1
3. TRACEABILITY,"3.1 Publishes tier one factories (direct relationship with buyer e.g. production units, Cut Make Trim (CMT) facilities, garment sewing, garment finishing, full package production and packaging and storage)",If list/map covers at least 95% of the tier one factories in its supply chain,1
3. TRACEABILITY,"3.1 Publishes tier one factories (direct relationship with buyer e.g. production units, Cut Make Trim (CMT) facilities, garment sewing, garment finishing, full package production and packaging and storage)",Discloses that this list or map of tier one factories has been updated within the past 6 months,1
3. TRACEABILITY,"3.1 Publishes tier one factories (direct relationship with buyer e.g. production units, Cut Make Trim (CMT) facilities, garment sewing, garment finishing, full package production and packaging and storage)",Discloses energy consumption at facility level ,0
3. TRACEABILITY,"3.1 Publishes tier one factories (direct relationship with buyer e.g. production units, Cut Make Trim (CMT) facilities, garment sewing, garment finishing, full package production and packaging and storage)",Discloses water consumption at facility level ,0
3. TRACEABILITY,"3.2 Publishes processing facilities (e.g. ginning and spinning, knitting, weaving, sub-contractors, dyeing and wet processing, tanneries, embroidering, printing, fabric finishing, dye-houses, laundries, etc.)",Name of Facility,3
3. TRACEABILITY,"3.2 Publishes processing facilities (e.g. ginning and spinning, knitting, weaving, sub-contractors, dyeing and wet processing, tanneries, embroidering, printing, fabric finishing, dye-houses, laundries, etc.)","Name of Parent Company (for each facility, if applicable)",3
3. TRACEABILITY,"3.2 Publishes processing facilities (e.g. ginning and spinning, knitting, weaving, sub-contractors, dyeing and wet processing, tanneries, embroidering, printing, fabric finishing, dye-houses, laundries, etc.)",Address,3
3. TRACEABILITY,"3.2 Publishes processing facilities (e.g. ginning and spinning, knitting, weaving, sub-contractors, dyeing and wet processing, tanneries, embroidering, printing, fabric finishing, dye-houses, laundries, etc.)",Type of products or services,2
3. TRACEABILITY,"3.2 Publishes processing facilities (e.g. ginning and spinning, knitting, weaving, sub-contractors, dyeing and wet processing, tanneries, embroidering, printing, fabric finishing, dye-houses, laundries, etc.)",Approximate number of workers at each site,2
3. TRACEABILITY,"3.2 Publishes processing facilities (e.g. ginning and spinning, knitting, weaving, sub-contractors, dyeing and wet processing, tanneries, embroidering, printing, fabric finishing, dye-houses, laundries, etc.)",Discloses if the facility has a trade union and the name of the trade union ,2
3. TRACEABILITY,"3.2 Publishes processing facilities (e.g. ginning and spinning, knitting, weaving, sub-contractors, dyeing and wet processing, tanneries, embroidering, printing, fabric finishing, dye-houses, laundries, etc.)",If the facility has an independent worker committee,1
3. TRACEABILITY,"3.2 Publishes processing facilities (e.g. ginning and spinning, knitting, weaving, sub-contractors, dyeing and wet processing, tanneries, embroidering, printing, fabric finishing, dye-houses, laundries, etc.)",Sex-disaggregated breakdown of workers at each site,1
3. TRACEABILITY,"3.2 Publishes processing facilities (e.g. ginning and spinning, knitting, weaving, sub-contractors, dyeing and wet processing, tanneries, embroidering, printing, fabric finishing, dye-houses, laundries, etc.)",% or number of migrant or contract workers,1
3. TRACEABILITY,"3.2 Publishes processing facilities (e.g. ginning and spinning, knitting, weaving, sub-contractors, dyeing and wet processing, tanneries, embroidering, printing, fabric finishing, dye-houses, laundries, etc.)","What certifications, if any, the facility has",2
3. TRACEABILITY,"3.2 Publishes processing facilities (e.g. ginning and spinning, knitting, weaving, sub-contractors, dyeing and wet processing, tanneries, embroidering, printing, fabric finishing, dye-houses, laundries, etc.)","List is publicly available as a csv, json or Excel spreadsheet (aligning with the Open Data Standard for the Apparel Sector) in order to make this information easy to use for trade unions and NGOs ",2
3. TRACEABILITY,"3.2 Publishes processing facilities (e.g. ginning and spinning, knitting, weaving, sub-contractors, dyeing and wet processing, tanneries, embroidering, printing, fabric finishing, dye-houses, laundries, etc.)","List contributed to the Open Supply Hub (formerly known as the Open Apparel Registry), in order to enable collaboration, as well as easy and efficient access for trade unions & NGOs",1
3. TRACEABILITY,"3.2 Publishes processing facilities (e.g. ginning and spinning, knitting, weaving, sub-contractors, dyeing and wet processing, tanneries, embroidering, printing, fabric finishing, dye-houses, laundries, etc.)",Discloses aggregate volume of business that is captured by the disclosure and the percentage of total supplier factories published,1
3. TRACEABILITY,"3.2 Publishes processing facilities (e.g. ginning and spinning, knitting, weaving, sub-contractors, dyeing and wet processing, tanneries, embroidering, printing, fabric finishing, dye-houses, laundries, etc.)",If list/map covers at least 95% of the processing factories in its supply chain,1
3. TRACEABILITY,"3.2 Publishes processing facilities (e.g. ginning and spinning, knitting, weaving, sub-contractors, dyeing and wet processing, tanneries, embroidering, printing, fabric finishing, dye-houses, laundries, etc.)",Discloses that this list or map of tier one factories has been updated within the past 6 months,1
3. TRACEABILITY,"3.2 Publishes processing facilities (e.g. ginning and spinning, knitting, weaving, sub-contractors, dyeing and wet processing, tanneries, embroidering, printing, fabric finishing, dye-houses, laundries, etc.)",Discloses energy consumption at processing facility level ,0
3. TRACEABILITY,"3.2 Publishes processing facilities (e.g. ginning and spinning, knitting, weaving, sub-contractors, dyeing and wet processing, tanneries, embroidering, printing, fabric finishing, dye-houses, laundries, etc.)",Discloses water consumption at processing facility level ,0
3. TRACEABILITY,"3.3 Publishes suppliers of raw materials such as fibres, hides, rubber, dyes, metals, etc. (e.g. raw material providers, farms, slaughter houses, sewing yarn suppliers, filament and staple, chemical suppliers, etc.) ",Name of supplier (e.g. parent company),3
3. TRACEABILITY,"3.3 Publishes suppliers of raw materials such as fibres, hides, rubber, dyes, metals, etc. (e.g. raw material providers, farms, slaughter houses, sewing yarn suppliers, filament and staple, chemical suppliers, etc.) ",Name of specific facility or farm,3
3. TRACEABILITY,"3.3 Publishes suppliers of raw materials such as fibres, hides, rubber, dyes, metals, etc. (e.g. raw material providers, farms, slaughter houses, sewing yarn suppliers, filament and staple, chemical suppliers, etc.) ",Address,3
3. TRACEABILITY,"3.3 Publishes suppliers of raw materials such as fibres, hides, rubber, dyes, metals, etc. (e.g. raw material providers, farms, slaughter houses, sewing yarn suppliers, filament and staple, chemical suppliers, etc.) ","Discloses the specific raw material fibre, products or services",2
3. TRACEABILITY,"3.3 Publishes suppliers of raw materials such as fibres, hides, rubber, dyes, metals, etc. (e.g. raw material providers, farms, slaughter houses, sewing yarn suppliers, filament and staple, chemical suppliers, etc.) ",Approximate number of workers,2
3. TRACEABILITY,"3.3 Publishes suppliers of raw materials such as fibres, hides, rubber, dyes, metals, etc. (e.g. raw material providers, farms, slaughter houses, sewing yarn suppliers, filament and staple, chemical suppliers, etc.) ",Sex-disaggregated breakdown of workers,1
3. TRACEABILITY,"3.3 Publishes suppliers of raw materials such as fibres, hides, rubber, dyes, metals, etc. (e.g. raw material providers, farms, slaughter houses, sewing yarn suppliers, filament and staple, chemical suppliers, etc.) ",% or number of migrant or contract workers,1
3. TRACEABILITY,"3.3 Publishes suppliers of raw materials such as fibres, hides, rubber, dyes, metals, etc. (e.g. raw material providers, farms, slaughter houses, sewing yarn suppliers, filament and staple, chemical suppliers, etc.) ","List is publicly available as a csv, json or Excel spreadsheet (aligning with the Open Data Standard for the Apparel Sector) in order to make this information easy to use for trade unions and NGOs ",2
3. TRACEABILITY,"3.3 Publishes suppliers of raw materials such as fibres, hides, rubber, dyes, metals, etc. (e.g. raw material providers, farms, slaughter houses, sewing yarn suppliers, filament and staple, chemical suppliers, etc.) ",Discloses what percentage of raw materials suppliers is published,1
3. TRACEABILITY,"3.3 Publishes suppliers of raw materials such as fibres, hides, rubber, dyes, metals, etc. (e.g. raw material providers, farms, slaughter houses, sewing yarn suppliers, filament and staple, chemical suppliers, etc.) ",Discloses supplier list that covers more than one raw material type,1
3. TRACEABILITY,"3.3 Publishes suppliers of raw materials such as fibres, hides, rubber, dyes, metals, etc. (e.g. raw material providers, farms, slaughter houses, sewing yarn suppliers, filament and staple, chemical suppliers, etc.) ",Publishes that this list or map of raw materials suppliers has been updated within the past 12 months,1
3. TRACEABILITY,"3.3 Publishes suppliers of raw materials such as fibres, hides, rubber, dyes, metals, etc. (e.g. raw material providers, farms, slaughter houses, sewing yarn suppliers, filament and staple, chemical suppliers, etc.) ","Discloses whether the company is tracing the source/supplier of one or more specific raw materials (e.g. part of Leather Working Group or using Responsible Down/Wool Standard, Global Recycling Standard, Content Claim Standard, Organic Cotton Standard, GOTS, FAIRTRADE Certified Cotton Mark and Cotton Programme, Cotton Made in Africa HIP, Oeko-Tex SteP/Made in Green, TENCEL™ Lyocell and Modal, or company/parent group's own initiatives such as using blockchain or transaction certifications or DNA schemes.",1
"4. KNOW, SHOW & FIX","4.1a Know, Show & Fix: Publicly discloses human rights due diligence processes, outcomes and what brand is doing to remediate any issues identified. (Please note: Auditing by itself does not represent a due diligence process.)","Discloses how the company works to identify and prioritise human rights risks, impacts and violations in its supply chain (its approach to conducting human rights due diligence) ",1
"4. KNOW, SHOW & FIX","4.1a Know, Show & Fix: Publicly discloses human rights due diligence processes, outcomes and what brand is doing to remediate any issues identified. (Please note: Auditing by itself does not represent a due diligence process.)","Discloses how worker/producer/farmer representatives, unions and other affected stakeholders are involved in the due diligence process",1
"4. KNOW, SHOW & FIX","4.1a Know, Show & Fix: Publicly discloses human rights due diligence processes, outcomes and what brand is doing to remediate any issues identified. (Please note: Auditing by itself does not represent a due diligence process.)","Discloses how women workers, women's organisations, women human rights defenders and gender experts are involved in all stages of human rights due diligence",1
"4. KNOW, SHOW & FIX","4.1a Know, Show & Fix: Publicly discloses human rights due diligence processes, outcomes and what brand is doing to remediate any issues identified. (Please note: Auditing by itself does not represent a due diligence process.)","Discloses the salient human rights risks, impacts and violations identified",1
"4. KNOW, SHOW & FIX","4.1a Know, Show & Fix: Publicly discloses human rights due diligence processes, outcomes and what brand is doing to remediate any issues identified. (Please note: Auditing by itself does not represent a due diligence process.)","Discloses evidence of steps taken to cease, prevent, mitigate and remedy human rights risks, impacts and violations identified ",1
"4. KNOW, SHOW & FIX","4.1a Know, Show & Fix: Publicly discloses human rights due diligence processes, outcomes and what brand is doing to remediate any issues identified. (Please note: Auditing by itself does not represent a due diligence process.)","Discloses the outcomes or results of steps taken to cease, prevent, mitigate and remedy human rights risks, impacts and violations identified ",1
"4. KNOW, SHOW & FIX","4.1b Know, Show & Fix: Publicly discloses environmental due diligence processes, outcomes and what brand is doing to remediate any issues identified. (Please note: Auditing by itself does not represent a due diligence process.)","Discloses how the company works to identify and prioritise environmental risks, impacts and violations in its supply chain (its approach to conducting environmental due diligence) ",1
"4. KNOW, SHOW & FIX","4.1b Know, Show & Fix: Publicly discloses environmental due diligence processes, outcomes and what brand is doing to remediate any issues identified. (Please note: Auditing by itself does not represent a due diligence process.)","Discloses how worker/producer/farmer representatives, unions and other affected stakeholders are involved in the environmental due diligence process",1
"4. KNOW, SHOW & FIX","4.1b Know, Show & Fix: Publicly discloses environmental due diligence processes, outcomes and what brand is doing to remediate any issues identified. (Please note: Auditing by itself does not represent a due diligence process.)","Discloses the salient environmental risks, impacts and violations identified",1
"4. KNOW, SHOW & FIX","4.1b Know, Show & Fix: Publicly discloses environmental due diligence processes, outcomes and what brand is doing to remediate any issues identified. (Please note: Auditing by itself does not represent a due diligence process.)","Discloses evidence of steps taken to cease, prevent, mitigate and remedy environmental risks, impacts and violations identified ",1
"4. KNOW, SHOW & FIX","4.1b Know, Show & Fix: Publicly discloses environmental due diligence processes, outcomes and what brand is doing to remediate any issues identified. (Please note: Auditing by itself does not represent a due diligence process.)","Discloses the outcomes or results of steps taken to cease, prevent, mitigate and remedy environmental risks, impacts and violations identified ",1
"4. KNOW, SHOW & FIX","4.2 Know: Publicly discloses how the company assesses implementation of its supply chain policies (as described in section 1.2) by facility (e.g. at factories, processing facilities, and farms)","Disclose the scope, process and accreditation for environmental audits",1
"4. KNOW, SHOW & FIX","4.2 Know: Publicly discloses how the company assesses implementation of its supply chain policies (as described in section 1.2) by facility (e.g. at factories, processing facilities, and farms)",Discloses criteria for taking on new facilities before production commences to ensure the facility meets policies and standards,1
"4. KNOW, SHOW & FIX","4.2 Know: Publicly discloses how the company assesses implementation of its supply chain policies (as described in section 1.2) by facility (e.g. at factories, processing facilities, and farms)",Discloses number or % of workers interviewed offsite as part of audits,1
"4. KNOW, SHOW & FIX","4.2 Know: Publicly discloses how the company assesses implementation of its supply chain policies (as described in section 1.2) by facility (e.g. at factories, processing facilities, and farms)",% of audits which included a trade union representative,1
"4. KNOW, SHOW & FIX","4.3 Show: Publicly discloses findings from its facility-level assessments (e.g. at factories, processing facilities, and farms)",At tier 1 level,1
"4. KNOW, SHOW & FIX","4.3 Show: Publicly discloses findings from its facility-level assessments (e.g. at factories, processing facilities, and farms)",Beyond tier 1,1
"4. KNOW, SHOW & FIX","4.3 Show: Publicly discloses findings from its facility-level assessments (e.g. at factories, processing facilities, and farms)",Raw material level,1
"4. KNOW, SHOW & FIX","4.3 Show: Publicly discloses findings from its facility-level assessments (e.g. at factories, processing facilities, and farms)",At tier 1 level,1
"4. KNOW, SHOW & FIX","4.3 Show: Publicly discloses findings from its facility-level assessments (e.g. at factories, processing facilities, and farms)",Beyond tier 1,1
"4. KNOW, SHOW & FIX","4.3 Show: Publicly discloses findings from its facility-level assessments (e.g. at factories, processing facilities, and farms)",Raw material level,1
"4. KNOW, SHOW & FIX","4.3 Show: Publicly discloses findings from its facility-level assessments (e.g. at factories, processing facilities, and farms)",At tier 1 level,2
"4. KNOW, SHOW & FIX","4.3 Show: Publicly discloses findings from its facility-level assessments (e.g. at factories, processing facilities, and farms)",Beyond tier 1,2
"4. KNOW, SHOW & FIX","4.3 Show: Publicly discloses findings from its facility-level assessments (e.g. at factories, processing facilities, and farms)",Raw material level,2
"4. KNOW, SHOW & FIX","4.3 Show: Publicly discloses findings from its facility-level assessments (e.g. at factories, processing facilities, and farms)",At tier 1 level,2
"4. KNOW, SHOW & FIX","4.3 Show: Publicly discloses findings from its facility-level assessments (e.g. at factories, processing facilities, and farms)",Beyond tier 1,2
"4. KNOW, SHOW & FIX","4.3 Show: Publicly discloses findings from its facility-level assessments (e.g. at factories, processing facilities, and farms)",Raw material level,2
"4. KNOW, SHOW & FIX",4.4A Fix: Publicly discloses description and status of the remediation process,"Discloses the process for remediation when non-compliances are found in a facility (e.g. corrective action plans that include stop-work notices, warning letters, supplementary training, and/or policy revision)",1
"4. KNOW, SHOW & FIX",4.4A Fix: Publicly discloses description and status of the remediation process,"Discloses how the company engages with workers/producers/farmers, trade unions and any other affected stakeholders in the development and implementation of remediation/corrective action plans",1
"4. KNOW, SHOW & FIX",4.4A Fix: Publicly discloses description and status of the remediation process,"Discloses exit strategy when a brand leaves a supplier (e.g. ensuring that policy is not to just cut-and-run, including an assessment on potential adverse human rights impacts and ensuring suppliers are given reasonable notice of intent to terminate the relationship)",1
"4. KNOW, SHOW & FIX",4.4B Fix: Publicly discloses how the company ensures human rights and environmental grievances from employees and workers are captured and addressed (no points given if whistleblowing is only for reasons of financial misconduct)  Reports published after January 2020,"Description of confidential whistleblowing or grievance mechanism e.g. web form, email, hotline (The mechanism itself must be published, not sufficient if they just say that they have it in place)",1
"4. KNOW, SHOW & FIX",4.4B Fix: Publicly discloses how the company ensures human rights and environmental grievances from employees and workers are captured and addressed (no points given if whistleblowing is only for reasons of financial misconduct)  Reports published after January 2020,"Description of confidential whistleblowing or grievance mechanism e.g. web form, email, hotline (The mechanism itself must be published, not sufficient if they just say that they have it in place)",1
"4. KNOW, SHOW & FIX",4.4B Fix: Publicly discloses how the company ensures human rights and environmental grievances from employees and workers are captured and addressed (no points given if whistleblowing is only for reasons of financial misconduct)  Reports published after January 2020,"How the whistleblowing or feedback mechanism is implemented, i.e. how the company responds to complaints and/or reported violations of policies and standards",1
"4. KNOW, SHOW & FIX",4.4B Fix: Publicly discloses how the company ensures human rights and environmental grievances from employees and workers are captured and addressed (no points given if whistleblowing is only for reasons of financial misconduct)  Reports published after January 2020,How workers are informed of the whistleblowing or grievance mechanism (e.g. posted a wall or board in the facility; via a training session with facility workers),1
"4. KNOW, SHOW & FIX",4.4B Fix: Publicly discloses how the company ensures human rights and environmental grievances from employees and workers are captured and addressed (no points given if whistleblowing is only for reasons of financial misconduct)  Reports published after January 2020,"If the whistleblowing procedure or grievance mechanism is included in the supplier/vendor policies e.g. Code of Conduct (The mechanism itself must be published, not sufficient if they just say that they have it in place)",1
"4. KNOW, SHOW & FIX",4.4B Fix: Publicly discloses how the company ensures human rights and environmental grievances from employees and workers are captured and addressed (no points given if whistleblowing is only for reasons of financial misconduct)  Reports published after January 2020,"Discloses data about the number of reported violations or grievances filed, addressed and resolved",1
"5. SPOTLIGHT ISSUES
 
5.1 – DECENT WORK & PURCHASING PRACTICES
5.2 – GENDER & RACIAL EQUALITY
5.3 – SUSTAINABLE SOURCING & MATERIALS
5.4 – OVERCONSUMPTION, WASTE & CIRCULARITY
5.4 – WATER & CHEMICALS
5.6 – CLIMATE CHANGE & BIODIVERSITY

Reports published after January 2020, where relevant to indicator"," 5.1 – DECENT WORK & PURCHASING PRACTICES

As related to SDG 8: Decent Work & Economic Growth – particularly targets 8.5 and 8.8 ","Discloses brand’s approach to recruitment fees in the supply chain, including whether the brand adopts the Employer Pays Principle and/or reimburses any costs workers have incurred during recruitment processes",1
"5. SPOTLIGHT ISSUES
 
5.1 – DECENT WORK & PURCHASING PRACTICES
5.2 – GENDER & RACIAL EQUALITY
5.3 – SUSTAINABLE SOURCING & MATERIALS
5.4 – OVERCONSUMPTION, WASTE & CIRCULARITY
5.4 – WATER & CHEMICALS
5.6 – CLIMATE CHANGE & BIODIVERSITY

Reports published after January 2020, where relevant to indicator"," 5.1 – DECENT WORK & PURCHASING PRACTICES

As related to SDG 8: Decent Work & Economic Growth – particularly targets 8.5 and 8.8 ",Discloses the number of workers in the supply chain affected by the payment of recruitment fees or related costs,1
"5. SPOTLIGHT ISSUES
 
5.1 – DECENT WORK & PURCHASING PRACTICES
5.2 – GENDER & RACIAL EQUALITY
5.3 – SUSTAINABLE SOURCING & MATERIALS
5.4 – OVERCONSUMPTION, WASTE & CIRCULARITY
5.4 – WATER & CHEMICALS
5.6 – CLIMATE CHANGE & BIODIVERSITY

Reports published after January 2020, where relevant to indicator"," 5.1 – DECENT WORK & PURCHASING PRACTICES

As related to SDG 8: Decent Work & Economic Growth – particularly targets 8.5 and 8.8 ","Publishes data on the prevalence of modern slavery related violations and risk factors (e.g. excessive and forced overtime, restricted freedom of movement, retaining workers' passports or other identity/personal documents, withholding wages, debt bondage, grievances related to recruitment practices)",1
"5. SPOTLIGHT ISSUES
 
5.1 – DECENT WORK & PURCHASING PRACTICES
5.2 – GENDER & RACIAL EQUALITY
5.3 – SUSTAINABLE SOURCING & MATERIALS
5.4 – OVERCONSUMPTION, WASTE & CIRCULARITY
5.4 – WATER & CHEMICALS
5.6 – CLIMATE CHANGE & BIODIVERSITY

Reports published after January 2020, where relevant to indicator"," 5.1 – DECENT WORK & PURCHASING PRACTICES

As related to SDG 8: Decent Work & Economic Growth – particularly targets 8.5 and 8.8 ",Discloses the company's approach to achieving the payment of living wages to workers in the supply chain,1
"5. SPOTLIGHT ISSUES
 
5.1 – DECENT WORK & PURCHASING PRACTICES
5.2 – GENDER & RACIAL EQUALITY
5.3 – SUSTAINABLE SOURCING & MATERIALS
5.4 – OVERCONSUMPTION, WASTE & CIRCULARITY
5.4 – WATER & CHEMICALS
5.6 – CLIMATE CHANGE & BIODIVERSITY

Reports published after January 2020, where relevant to indicator"," 5.1 – DECENT WORK & PURCHASING PRACTICES

As related to SDG 8: Decent Work & Economic Growth – particularly targets 8.5 and 8.8 ","Publishes time-bound, measurable roadmap/strategy for how it will achieve a living wage for all workers across its supply chain",1
"5. SPOTLIGHT ISSUES
 
5.1 – DECENT WORK & PURCHASING PRACTICES
5.2 – GENDER & RACIAL EQUALITY
5.3 – SUSTAINABLE SOURCING & MATERIALS
5.4 – OVERCONSUMPTION, WASTE & CIRCULARITY
5.4 – WATER & CHEMICALS
5.6 – CLIMATE CHANGE & BIODIVERSITY

Reports published after January 2020, where relevant to indicator"," 5.1 – DECENT WORK & PURCHASING PRACTICES

As related to SDG 8: Decent Work & Economic Growth – particularly targets 8.5 and 8.8 ","Reports on annual, measurable progress towards paying living wages to workers in the supply chain",1
"5. SPOTLIGHT ISSUES
 
5.1 – DECENT WORK & PURCHASING PRACTICES
5.2 – GENDER & RACIAL EQUALITY
5.3 – SUSTAINABLE SOURCING & MATERIALS
5.4 – OVERCONSUMPTION, WASTE & CIRCULARITY
5.4 – WATER & CHEMICALS
5.6 – CLIMATE CHANGE & BIODIVERSITY

Reports published after January 2020, where relevant to indicator"," 5.1 – DECENT WORK & PURCHASING PRACTICES

As related to SDG 8: Decent Work & Economic Growth – particularly targets 8.5 and 8.8 ",Discloses what living wage estimates brand uses to track and benchmark wages for workers in its supply chain,1
"5. SPOTLIGHT ISSUES
 
5.1 – DECENT WORK & PURCHASING PRACTICES
5.2 – GENDER & RACIAL EQUALITY
5.3 – SUSTAINABLE SOURCING & MATERIALS
5.4 – OVERCONSUMPTION, WASTE & CIRCULARITY
5.4 – WATER & CHEMICALS
5.6 – CLIMATE CHANGE & BIODIVERSITY

Reports published after January 2020, where relevant to indicator"," 5.1 – DECENT WORK & PURCHASING PRACTICES

As related to SDG 8: Decent Work & Economic Growth – particularly targets 8.5 and 8.8 ",% of workers that are receiving wage payments digitally ,1
"5. SPOTLIGHT ISSUES
 
5.1 – DECENT WORK & PURCHASING PRACTICES
5.2 – GENDER & RACIAL EQUALITY
5.3 – SUSTAINABLE SOURCING & MATERIALS
5.4 – OVERCONSUMPTION, WASTE & CIRCULARITY
5.4 – WATER & CHEMICALS
5.6 – CLIMATE CHANGE & BIODIVERSITY

Reports published after January 2020, where relevant to indicator"," 5.1 – DECENT WORK & PURCHASING PRACTICES

As related to SDG 8: Decent Work & Economic Growth – particularly targets 8.5 and 8.8 ",% above the minimum wage workers are paid in the brand’s supply chain,1
"5. SPOTLIGHT ISSUES
 
5.1 – DECENT WORK & PURCHASING PRACTICES
5.2 – GENDER & RACIAL EQUALITY
5.3 – SUSTAINABLE SOURCING & MATERIALS
5.4 – OVERCONSUMPTION, WASTE & CIRCULARITY
5.4 – WATER & CHEMICALS
5.6 – CLIMATE CHANGE & BIODIVERSITY

Reports published after January 2020, where relevant to indicator"," 5.1 – DECENT WORK & PURCHASING PRACTICES

As related to SDG 8: Decent Work & Economic Growth – particularly targets 8.5 and 8.8 ","Discloses the approximate percentage of workers paid by piece rate in their supply chain 
",1
"5. SPOTLIGHT ISSUES
 
5.1 – DECENT WORK & PURCHASING PRACTICES
5.2 – GENDER & RACIAL EQUALITY
5.3 – SUSTAINABLE SOURCING & MATERIALS
5.4 – OVERCONSUMPTION, WASTE & CIRCULARITY
5.4 – WATER & CHEMICALS
5.6 – CLIMATE CHANGE & BIODIVERSITY

Reports published after January 2020, where relevant to indicator"," 5.1 – DECENT WORK & PURCHASING PRACTICES

As related to SDG 8: Decent Work & Economic Growth – particularly targets 8.5 and 8.8 ","Where the presence of either (a) piece-rate workers and/or (b) daily wage workers have
been disclosed in the supply chain, reports on proportions who receive at least minimum
wage payment",1
"5. SPOTLIGHT ISSUES
 
5.1 – DECENT WORK & PURCHASING PRACTICES
5.2 – GENDER & RACIAL EQUALITY
5.3 – SUSTAINABLE SOURCING & MATERIALS
5.4 – OVERCONSUMPTION, WASTE & CIRCULARITY
5.4 – WATER & CHEMICALS
5.6 – CLIMATE CHANGE & BIODIVERSITY

Reports published after January 2020, where relevant to indicator"," 5.1 – DECENT WORK & PURCHASING PRACTICES

As related to SDG 8: Decent Work & Economic Growth – particularly targets 8.5 and 8.8 ",Reports on the overall proportion of factory workers who are paid at least minimum wages,1
"5. SPOTLIGHT ISSUES
 
5.1 – DECENT WORK & PURCHASING PRACTICES
5.2 – GENDER & RACIAL EQUALITY
5.3 – SUSTAINABLE SOURCING & MATERIALS
5.4 – OVERCONSUMPTION, WASTE & CIRCULARITY
5.4 – WATER & CHEMICALS
5.6 – CLIMATE CHANGE & BIODIVERSITY

Reports published after January 2020, where relevant to indicator"," 5.1 – DECENT WORK & PURCHASING PRACTICES

As related to SDG 8: Decent Work & Economic Growth – particularly targets 8.5 and 8.8 ",Discloses % or number of workers in supply chain that are being paid a living wage rate ,2
"5. SPOTLIGHT ISSUES
 
5.1 – DECENT WORK & PURCHASING PRACTICES
5.2 – GENDER & RACIAL EQUALITY
5.3 – SUSTAINABLE SOURCING & MATERIALS
5.4 – OVERCONSUMPTION, WASTE & CIRCULARITY
5.4 – WATER & CHEMICALS
5.6 – CLIMATE CHANGE & BIODIVERSITY

Reports published after January 2020, where relevant to indicator"," 5.1 – DECENT WORK & PURCHASING PRACTICES

As related to SDG 8: Decent Work & Economic Growth – particularly targets 8.5 and 8.8 ","Discloses method for calculating and ring-fencing labour costs (including wage rate + overtime, social security, sick leave, vacation and other forms of leave as well as the cost of indirect labour and wage increases) in price negotiations",1
"5. SPOTLIGHT ISSUES
 
5.1 – DECENT WORK & PURCHASING PRACTICES
5.2 – GENDER & RACIAL EQUALITY
5.3 – SUSTAINABLE SOURCING & MATERIALS
5.4 – OVERCONSUMPTION, WASTE & CIRCULARITY
5.4 – WATER & CHEMICALS
5.6 – CLIMATE CHANGE & BIODIVERSITY

Reports published after January 2020, where relevant to indicator"," 5.1 – DECENT WORK & PURCHASING PRACTICES

As related to SDG 8: Decent Work & Economic Growth – particularly targets 8.5 and 8.8 ",% of orders/volume for which wages and other labour costs (such as wages increases) are isolated/ring-fenced,1
"5. SPOTLIGHT ISSUES
 
5.1 – DECENT WORK & PURCHASING PRACTICES
5.2 – GENDER & RACIAL EQUALITY
5.3 – SUSTAINABLE SOURCING & MATERIALS
5.4 – OVERCONSUMPTION, WASTE & CIRCULARITY
5.4 – WATER & CHEMICALS
5.6 – CLIMATE CHANGE & BIODIVERSITY

Reports published after January 2020, where relevant to indicator"," 5.1 – DECENT WORK & PURCHASING PRACTICES

As related to SDG 8: Decent Work & Economic Growth – particularly targets 8.5 and 8.8 ",% that the brand’s Free On Board (FOB) prices have increased or decreased on average in the past 12 months,1
"5. SPOTLIGHT ISSUES
 
5.1 – DECENT WORK & PURCHASING PRACTICES
5.2 – GENDER & RACIAL EQUALITY
5.3 – SUSTAINABLE SOURCING & MATERIALS
5.4 – OVERCONSUMPTION, WASTE & CIRCULARITY
5.4 – WATER & CHEMICALS
5.6 – CLIMATE CHANGE & BIODIVERSITY

Reports published after January 2020, where relevant to indicator"," 5.1 – DECENT WORK & PURCHASING PRACTICES

As related to SDG 8: Decent Work & Economic Growth – particularly targets 8.5 and 8.8 ","Publishes a standard, due-diligence aligned supplier agreement template, setting out typical order and payment terms and conditions
",1
"5. SPOTLIGHT ISSUES
 
5.1 – DECENT WORK & PURCHASING PRACTICES
5.2 – GENDER & RACIAL EQUALITY
5.3 – SUSTAINABLE SOURCING & MATERIALS
5.4 – OVERCONSUMPTION, WASTE & CIRCULARITY
5.4 – WATER & CHEMICALS
5.6 – CLIMATE CHANGE & BIODIVERSITY

Reports published after January 2020, where relevant to indicator"," 5.1 – DECENT WORK & PURCHASING PRACTICES

As related to SDG 8: Decent Work & Economic Growth – particularly targets 8.5 and 8.8 ","Publishes a Responsible Purchasing Code of Conduct (aka “Buyer Code”)

",1
"5. SPOTLIGHT ISSUES
 
5.1 – DECENT WORK & PURCHASING PRACTICES
5.2 – GENDER & RACIAL EQUALITY
5.3 – SUSTAINABLE SOURCING & MATERIALS
5.4 – OVERCONSUMPTION, WASTE & CIRCULARITY
5.4 – WATER & CHEMICALS
5.6 – CLIMATE CHANGE & BIODIVERSITY

Reports published after January 2020, where relevant to indicator"," 5.1 – DECENT WORK & PURCHASING PRACTICES

As related to SDG 8: Decent Work & Economic Growth – particularly targets 8.5 and 8.8 ",Discloses policy on what % of the purchase order the brand typically pays to the supplier up front before production begins (in order to cover pre-production costs such as the purchase of raw materials and other inputs),1
"5. SPOTLIGHT ISSUES
 
5.1 – DECENT WORK & PURCHASING PRACTICES
5.2 – GENDER & RACIAL EQUALITY
5.3 – SUSTAINABLE SOURCING & MATERIALS
5.4 – OVERCONSUMPTION, WASTE & CIRCULARITY
5.4 – WATER & CHEMICALS
5.6 – CLIMATE CHANGE & BIODIVERSITY

Reports published after January 2020, where relevant to indicator"," 5.1 – DECENT WORK & PURCHASING PRACTICES

As related to SDG 8: Decent Work & Economic Growth – particularly targets 8.5 and 8.8 ",Discloses policy to pay suppliers within a maximum of 60 days (e.g. via UK Prompt Payment Code commitments),1
"5. SPOTLIGHT ISSUES
 
5.1 – DECENT WORK & PURCHASING PRACTICES
5.2 – GENDER & RACIAL EQUALITY
5.3 – SUSTAINABLE SOURCING & MATERIALS
5.4 – OVERCONSUMPTION, WASTE & CIRCULARITY
5.4 – WATER & CHEMICALS
5.6 – CLIMATE CHANGE & BIODIVERSITY

Reports published after January 2020, where relevant to indicator"," 5.1 – DECENT WORK & PURCHASING PRACTICES

As related to SDG 8: Decent Work & Economic Growth – particularly targets 8.5 and 8.8 ",Discloses the average number of days in which purchase orders are paid in full to suppliers after delivery,2
"5. SPOTLIGHT ISSUES
 
5.1 – DECENT WORK & PURCHASING PRACTICES
5.2 – GENDER & RACIAL EQUALITY
5.3 – SUSTAINABLE SOURCING & MATERIALS
5.4 – OVERCONSUMPTION, WASTE & CIRCULARITY
5.4 – WATER & CHEMICALS
5.6 – CLIMATE CHANGE & BIODIVERSITY

Reports published after January 2020, where relevant to indicator"," 5.1 – DECENT WORK & PURCHASING PRACTICES

As related to SDG 8: Decent Work & Economic Growth – particularly targets 8.5 and 8.8 ",% of orders that have retrospective changes to their previously agreed payment terms,2
"5. SPOTLIGHT ISSUES
 
5.1 – DECENT WORK & PURCHASING PRACTICES
5.2 – GENDER & RACIAL EQUALITY
5.3 – SUSTAINABLE SOURCING & MATERIALS
5.4 – OVERCONSUMPTION, WASTE & CIRCULARITY
5.4 – WATER & CHEMICALS
5.6 – CLIMATE CHANGE & BIODIVERSITY

Reports published after January 2020, where relevant to indicator"," 5.1 – DECENT WORK & PURCHASING PRACTICES

As related to SDG 8: Decent Work & Economic Growth – particularly targets 8.5 and 8.8 ","Discloses annual supplier feedback on the brands’ purchasing practices through a formal process (e.g. via Better Buying platform, Supplier Summits, internal surveys of suppliers of brands’ purchasing practices)",1
"5. SPOTLIGHT ISSUES
 
5.1 – DECENT WORK & PURCHASING PRACTICES
5.2 – GENDER & RACIAL EQUALITY
5.3 – SUSTAINABLE SOURCING & MATERIALS
5.4 – OVERCONSUMPTION, WASTE & CIRCULARITY
5.4 – WATER & CHEMICALS
5.6 – CLIMATE CHANGE & BIODIVERSITY

Reports published after January 2020, where relevant to indicator"," 5.1 – DECENT WORK & PURCHASING PRACTICES

As related to SDG 8: Decent Work & Economic Growth – particularly targets 8.5 and 8.8 ","Number or % of supplier facilities that have independent, democratically elected trade unions",1
"5. SPOTLIGHT ISSUES
 
5.1 – DECENT WORK & PURCHASING PRACTICES
5.2 – GENDER & RACIAL EQUALITY
5.3 – SUSTAINABLE SOURCING & MATERIALS
5.4 – OVERCONSUMPTION, WASTE & CIRCULARITY
5.4 – WATER & CHEMICALS
5.6 – CLIMATE CHANGE & BIODIVERSITY

Reports published after January 2020, where relevant to indicator"," 5.1 – DECENT WORK & PURCHASING PRACTICES

As related to SDG 8: Decent Work & Economic Growth – particularly targets 8.5 and 8.8 ",Number or % of workers in the supply chain that are covered by collective bargaining agreements,1
"5. SPOTLIGHT ISSUES
 
5.1 – DECENT WORK & PURCHASING PRACTICES
5.2 – GENDER & RACIAL EQUALITY
5.3 – SUSTAINABLE SOURCING & MATERIALS
5.4 – OVERCONSUMPTION, WASTE & CIRCULARITY
5.4 – WATER & CHEMICALS
5.6 – CLIMATE CHANGE & BIODIVERSITY

Reports published after January 2020, where relevant to indicator"," 5.1 – DECENT WORK & PURCHASING PRACTICES

As related to SDG 8: Decent Work & Economic Growth – particularly targets 8.5 and 8.8 ",Number of collective bargaining agreements that provide wages that are higher than required by local law for workers in the supply chain,1
"5. SPOTLIGHT ISSUES
 
5.1 – DECENT WORK & PURCHASING PRACTICES
5.2 – GENDER & RACIAL EQUALITY
5.3 – SUSTAINABLE SOURCING & MATERIALS
5.4 – OVERCONSUMPTION, WASTE & CIRCULARITY
5.4 – WATER & CHEMICALS
5.6 – CLIMATE CHANGE & BIODIVERSITY

Reports published after January 2020, where relevant to indicator"," 5.1 – DECENT WORK & PURCHASING PRACTICES

As related to SDG 8: Decent Work & Economic Growth – particularly targets 8.5 and 8.8 ",Publishes data on the prevalence of collective bargaining and freedom of association related violations in supplier facilities,1
"5. SPOTLIGHT ISSUES
 
5.1 – DECENT WORK & PURCHASING PRACTICES
5.2 – GENDER & RACIAL EQUALITY
5.3 – SUSTAINABLE SOURCING & MATERIALS
5.4 – OVERCONSUMPTION, WASTE & CIRCULARITY
5.4 – WATER & CHEMICALS
5.6 – CLIMATE CHANGE & BIODIVERSITY

Reports published after January 2020, where relevant to indicator"," 5.2 – GENDER & RACIAL EQUALITY

As related to SDG 10: Reducing Inequalities – particularly targets 10.2, 10.3 and 10.4 ","Publishes annual gender pay gap, including by distribution of job roles, within the company",1
"5. SPOTLIGHT ISSUES
 
5.1 – DECENT WORK & PURCHASING PRACTICES
5.2 – GENDER & RACIAL EQUALITY
5.3 – SUSTAINABLE SOURCING & MATERIALS
5.4 – OVERCONSUMPTION, WASTE & CIRCULARITY
5.4 – WATER & CHEMICALS
5.6 – CLIMATE CHANGE & BIODIVERSITY

Reports published after January 2020, where relevant to indicator"," 5.2 – GENDER & RACIAL EQUALITY

As related to SDG 10: Reducing Inequalities – particularly targets 10.2, 10.3 and 10.4 ","Publishes annual sex-disaggregated distribution of job roles (e.g. executive level, managers/supervisors, employees) within the company (head office, retail stories, owned and operated facilities)",1
"5. SPOTLIGHT ISSUES
 
5.1 – DECENT WORK & PURCHASING PRACTICES
5.2 – GENDER & RACIAL EQUALITY
5.3 – SUSTAINABLE SOURCING & MATERIALS
5.4 – OVERCONSUMPTION, WASTE & CIRCULARITY
5.4 – WATER & CHEMICALS
5.6 – CLIMATE CHANGE & BIODIVERSITY

Reports published after January 2020, where relevant to indicator"," 5.2 – GENDER & RACIAL EQUALITY

As related to SDG 10: Reducing Inequalities – particularly targets 10.2, 10.3 and 10.4 ","Publishes annual sex-disaggregated distribution of job roles (e.g. employees such as helpers, machinists verses supervisors/managers) in supplier facilities",1
"5. SPOTLIGHT ISSUES
 
5.1 – DECENT WORK & PURCHASING PRACTICES
5.2 – GENDER & RACIAL EQUALITY
5.3 – SUSTAINABLE SOURCING & MATERIALS
5.4 – OVERCONSUMPTION, WASTE & CIRCULARITY
5.4 – WATER & CHEMICALS
5.6 – CLIMATE CHANGE & BIODIVERSITY

Reports published after January 2020, where relevant to indicator"," 5.2 – GENDER & RACIAL EQUALITY

As related to SDG 10: Reducing Inequalities – particularly targets 10.2, 10.3 and 10.4 ","Publishes data on the prevalence of gender-based labour violations in supplier facilities (e.g. sexual harassment and other forms of gender-based violence; treatment and firing of pregnant workers; maternity pay; bathroom breaks during periods, etc.; women in supervisor/middle management roles; gender pay gap; women on Worker Participations Committees and in unions; etc.)",1
"5. SPOTLIGHT ISSUES
 
5.1 – DECENT WORK & PURCHASING PRACTICES
5.2 – GENDER & RACIAL EQUALITY
5.3 – SUSTAINABLE SOURCING & MATERIALS
5.4 – OVERCONSUMPTION, WASTE & CIRCULARITY
5.4 – WATER & CHEMICALS
5.6 – CLIMATE CHANGE & BIODIVERSITY

Reports published after January 2020, where relevant to indicator"," 5.2 – GENDER & RACIAL EQUALITY

As related to SDG 10: Reducing Inequalities – particularly targets 10.2, 10.3 and 10.4 ",Discloses actions focusing on the promotion of gender equality in supplier facilities (such as steps taken to address instances of gender-based violence or initiatives to promote women workers into leadership positions),1
"5. SPOTLIGHT ISSUES
 
5.1 – DECENT WORK & PURCHASING PRACTICES
5.2 – GENDER & RACIAL EQUALITY
5.3 – SUSTAINABLE SOURCING & MATERIALS
5.4 – OVERCONSUMPTION, WASTE & CIRCULARITY
5.4 – WATER & CHEMICALS
5.6 – CLIMATE CHANGE & BIODIVERSITY

Reports published after January 2020, where relevant to indicator"," 5.2 – GENDER & RACIAL EQUALITY

As related to SDG 10: Reducing Inequalities – particularly targets 10.2, 10.3 and 10.4 ","Publishes annual ethnicity pay gap, including by distribution of job roles (e.g. executive level, managers/supervisors, employees) within the company (head office, retail stories, owned and operated facilities)",1
"5. SPOTLIGHT ISSUES
 
5.1 – DECENT WORK & PURCHASING PRACTICES
5.2 – GENDER & RACIAL EQUALITY
5.3 – SUSTAINABLE SOURCING & MATERIALS
5.4 – OVERCONSUMPTION, WASTE & CIRCULARITY
5.4 – WATER & CHEMICALS
5.6 – CLIMATE CHANGE & BIODIVERSITY

Reports published after January 2020, where relevant to indicator"," 5.2 – GENDER & RACIAL EQUALITY

As related to SDG 10: Reducing Inequalities – particularly targets 10.2, 10.3 and 10.4 ","Publishes race/ethnicity breakdown by distribution of job roles (e.g. executive level, managers/supervisors, employees) within the company (head office, retail stories, owned and operated facilities)",1
"5. SPOTLIGHT ISSUES
 
5.1 – DECENT WORK & PURCHASING PRACTICES
5.2 – GENDER & RACIAL EQUALITY
5.3 – SUSTAINABLE SOURCING & MATERIALS
5.4 – OVERCONSUMPTION, WASTE & CIRCULARITY
5.4 – WATER & CHEMICALS
5.6 – CLIMATE CHANGE & BIODIVERSITY

Reports published after January 2020, where relevant to indicator"," 5.2 – GENDER & RACIAL EQUALITY

As related to SDG 10: Reducing Inequalities – particularly targets 10.2, 10.3 and 10.4 ",Publishes actions focusing on the promotion of racial and ethnic equality in supplier facilities (such as steps taken to address instances of racial and ethnic discrimination or initiatives to promote racial or ethnic equality),1
"5. SPOTLIGHT ISSUES
 
5.1 – DECENT WORK & PURCHASING PRACTICES
5.2 – GENDER & RACIAL EQUALITY
5.3 – SUSTAINABLE SOURCING & MATERIALS
5.4 – OVERCONSUMPTION, WASTE & CIRCULARITY
5.4 – WATER & CHEMICALS
5.6 – CLIMATE CHANGE & BIODIVERSITY

Reports published after January 2020, where relevant to indicator","5.3 – SUSTAINABLE SOURCING & MATERIALS

As related to SDG 12: Responsible Consumption and Production – particularly targets 12.2 and 12.4 ","Discloses breakdown (% or tonnes) of types of fibres sourced annually (i.e. the fibre mix)
 ",1
"5. SPOTLIGHT ISSUES
 
5.1 – DECENT WORK & PURCHASING PRACTICES
5.2 – GENDER & RACIAL EQUALITY
5.3 – SUSTAINABLE SOURCING & MATERIALS
5.4 – OVERCONSUMPTION, WASTE & CIRCULARITY
5.4 – WATER & CHEMICALS
5.6 – CLIMATE CHANGE & BIODIVERSITY

Reports published after January 2020, where relevant to indicator","5.3 – SUSTAINABLE SOURCING & MATERIALS

As related to SDG 12: Responsible Consumption and Production – particularly targets 12.2 and 12.4 ","Discloses a time-bound and measurable sustainable materials strategy, roadmap or targets",1
"5. SPOTLIGHT ISSUES
 
5.1 – DECENT WORK & PURCHASING PRACTICES
5.2 – GENDER & RACIAL EQUALITY
5.3 – SUSTAINABLE SOURCING & MATERIALS
5.4 – OVERCONSUMPTION, WASTE & CIRCULARITY
5.4 – WATER & CHEMICALS
5.6 – CLIMATE CHANGE & BIODIVERSITY

Reports published after January 2020, where relevant to indicator","5.3 – SUSTAINABLE SOURCING & MATERIALS

As related to SDG 12: Responsible Consumption and Production – particularly targets 12.2 and 12.4 ","Publishes annual progress on achieving sustainable material targets (e.g. what % of materials are made using conventional/virgin materials verses more sustainable materials such as organic/Fairtrade, recycled/repurposed, recycled and sustainable wool, recycled polyester, chrome-free/recycled leather, sustainably sourced forest based fabrics)",1
"5. SPOTLIGHT ISSUES
 
5.1 – DECENT WORK & PURCHASING PRACTICES
5.2 – GENDER & RACIAL EQUALITY
5.3 – SUSTAINABLE SOURCING & MATERIALS
5.4 – OVERCONSUMPTION, WASTE & CIRCULARITY
5.4 – WATER & CHEMICALS
5.6 – CLIMATE CHANGE & BIODIVERSITY

Reports published after January 2020, where relevant to indicator","5.3 – SUSTAINABLE SOURCING & MATERIALS

As related to SDG 12: Responsible Consumption and Production – particularly targets 12.2 and 12.4 ",Explains what tool or process they use to define what is considered a 'sustainable' material,1
"5. SPOTLIGHT ISSUES
 
5.1 – DECENT WORK & PURCHASING PRACTICES
5.2 – GENDER & RACIAL EQUALITY
5.3 – SUSTAINABLE SOURCING & MATERIALS
5.4 – OVERCONSUMPTION, WASTE & CIRCULARITY
5.4 – WATER & CHEMICALS
5.6 – CLIMATE CHANGE & BIODIVERSITY

Reports published after January 2020, where relevant to indicator","5.3 – SUSTAINABLE SOURCING & MATERIALS

As related to SDG 12: Responsible Consumption and Production – particularly targets 12.2 and 12.4 ","Publishes measurable, time-bound targets for the reduction of textiles deriving from virgin fossil fuels",1
"5. SPOTLIGHT ISSUES
 
5.1 – DECENT WORK & PURCHASING PRACTICES
5.2 – GENDER & RACIAL EQUALITY
5.3 – SUSTAINABLE SOURCING & MATERIALS
5.4 – OVERCONSUMPTION, WASTE & CIRCULARITY
5.4 – WATER & CHEMICALS
5.6 – CLIMATE CHANGE & BIODIVERSITY

Reports published after January 2020, where relevant to indicator","5.3 – SUSTAINABLE SOURCING & MATERIALS

As related to SDG 12: Responsible Consumption and Production – particularly targets 12.2 and 12.4 ",Publishes annual progress on the reduction of textiles deriving from virgin fossil fuels,1
"5. SPOTLIGHT ISSUES
 
5.1 – DECENT WORK & PURCHASING PRACTICES
5.2 – GENDER & RACIAL EQUALITY
5.3 – SUSTAINABLE SOURCING & MATERIALS
5.4 – OVERCONSUMPTION, WASTE & CIRCULARITY
5.4 – WATER & CHEMICALS
5.6 – CLIMATE CHANGE & BIODIVERSITY

Reports published after January 2020, where relevant to indicator","5.3 – SUSTAINABLE SOURCING & MATERIALS

As related to SDG 12: Responsible Consumption and Production – particularly targets 12.2 and 12.4 ","Publishes measurable, time-bound targets for the reduction of virgin plastics for packaging (including accessories, hangers, packaging)",1
"5. SPOTLIGHT ISSUES
 
5.1 – DECENT WORK & PURCHASING PRACTICES
5.2 – GENDER & RACIAL EQUALITY
5.3 – SUSTAINABLE SOURCING & MATERIALS
5.4 – OVERCONSUMPTION, WASTE & CIRCULARITY
5.4 – WATER & CHEMICALS
5.6 – CLIMATE CHANGE & BIODIVERSITY

Reports published after January 2020, where relevant to indicator","5.3 – SUSTAINABLE SOURCING & MATERIALS

As related to SDG 12: Responsible Consumption and Production – particularly targets 12.2 and 12.4 ","Publishes annual progress on the reduction of virgin plastics for packaging (including accessories, hangers, packaging)",1
"5. SPOTLIGHT ISSUES
 
5.1 – DECENT WORK & PURCHASING PRACTICES
5.2 – GENDER & RACIAL EQUALITY
5.3 – SUSTAINABLE SOURCING & MATERIALS
5.4 – OVERCONSUMPTION, WASTE & CIRCULARITY
5.4 – WATER & CHEMICALS
5.6 – CLIMATE CHANGE & BIODIVERSITY

Reports published after January 2020, where relevant to indicator","5.3 – SUSTAINABLE SOURCING & MATERIALS

As related to SDG 12: Responsible Consumption and Production – particularly targets 12.2 and 12.4 ",Discloses what the brand is doing to minimise the impact of microfibres,1
"5. SPOTLIGHT ISSUES
 
5.1 – DECENT WORK & PURCHASING PRACTICES
5.2 – GENDER & RACIAL EQUALITY
5.3 – SUSTAINABLE SOURCING & MATERIALS
5.4 – OVERCONSUMPTION, WASTE & CIRCULARITY
5.4 – WATER & CHEMICALS
5.6 – CLIMATE CHANGE & BIODIVERSITY

Reports published after January 2020, where relevant to indicator","5.4 – OVERCONSUMPTION, WASTE & CIRCULARITY

As related to SDG 12: Responsible Consumption and Production – particularly targets 12.5, 12.6 and 12.8","Discloses quantity of products produced during the annual reporting period
",1
"5. SPOTLIGHT ISSUES
 
5.1 – DECENT WORK & PURCHASING PRACTICES
5.2 – GENDER & RACIAL EQUALITY
5.3 – SUSTAINABLE SOURCING & MATERIALS
5.4 – OVERCONSUMPTION, WASTE & CIRCULARITY
5.4 – WATER & CHEMICALS
5.6 – CLIMATE CHANGE & BIODIVERSITY

Reports published after January 2020, where relevant to indicator","5.4 – OVERCONSUMPTION, WASTE & CIRCULARITY

As related to SDG 12: Responsible Consumption and Production – particularly targets 12.5, 12.6 and 12.8","Discloses a commitment to degrowth
 ",2
"5. SPOTLIGHT ISSUES
 
5.1 – DECENT WORK & PURCHASING PRACTICES
5.2 – GENDER & RACIAL EQUALITY
5.3 – SUSTAINABLE SOURCING & MATERIALS
5.4 – OVERCONSUMPTION, WASTE & CIRCULARITY
5.4 – WATER & CHEMICALS
5.6 – CLIMATE CHANGE & BIODIVERSITY

Reports published after January 2020, where relevant to indicator","5.4 – OVERCONSUMPTION, WASTE & CIRCULARITY

As related to SDG 12: Responsible Consumption and Production – particularly targets 12.5, 12.6 and 12.8","Discloses quantity of pre-production waste generated annually (e.g. offcuts, scraps, threads, end of roll fabrics)",1
"5. SPOTLIGHT ISSUES
 
5.1 – DECENT WORK & PURCHASING PRACTICES
5.2 – GENDER & RACIAL EQUALITY
5.3 – SUSTAINABLE SOURCING & MATERIALS
5.4 – OVERCONSUMPTION, WASTE & CIRCULARITY
5.4 – WATER & CHEMICALS
5.6 – CLIMATE CHANGE & BIODIVERSITY

Reports published after January 2020, where relevant to indicator","5.4 – OVERCONSUMPTION, WASTE & CIRCULARITY

As related to SDG 12: Responsible Consumption and Production – particularly targets 12.5, 12.6 and 12.8","Discloses quantity of post-production/pre-consumer waste generated annually (e.g. deadstock, overstock, samples)",1
"5. SPOTLIGHT ISSUES
 
5.1 – DECENT WORK & PURCHASING PRACTICES
5.2 – GENDER & RACIAL EQUALITY
5.3 – SUSTAINABLE SOURCING & MATERIALS
5.4 – OVERCONSUMPTION, WASTE & CIRCULARITY
5.4 – WATER & CHEMICALS
5.6 – CLIMATE CHANGE & BIODIVERSITY

Reports published after January 2020, where relevant to indicator","5.4 – OVERCONSUMPTION, WASTE & CIRCULARITY

As related to SDG 12: Responsible Consumption and Production – particularly targets 12.5, 12.6 and 12.8","Discloses breakdown (% or tonnes) of how pre-consumer waste is reused or recycled (e.g. downcycled, sold locally, used for energy recovery, resold into other markets, upcycled, recycled into new textiles)",1
"5. SPOTLIGHT ISSUES
 
5.1 – DECENT WORK & PURCHASING PRACTICES
5.2 – GENDER & RACIAL EQUALITY
5.3 – SUSTAINABLE SOURCING & MATERIALS
5.4 – OVERCONSUMPTION, WASTE & CIRCULARITY
5.4 – WATER & CHEMICALS
5.6 – CLIMATE CHANGE & BIODIVERSITY

Reports published after January 2020, where relevant to indicator","5.4 – OVERCONSUMPTION, WASTE & CIRCULARITY

As related to SDG 12: Responsible Consumption and Production – particularly targets 12.5, 12.6 and 12.8",% or tonnes of textiles or number of items destroyed (typically incinerated) during the annual reporting period ,1
"5. SPOTLIGHT ISSUES
 
5.1 – DECENT WORK & PURCHASING PRACTICES
5.2 – GENDER & RACIAL EQUALITY
5.3 – SUSTAINABLE SOURCING & MATERIALS
5.4 – OVERCONSUMPTION, WASTE & CIRCULARITY
5.4 – WATER & CHEMICALS
5.6 – CLIMATE CHANGE & BIODIVERSITY

Reports published after January 2020, where relevant to indicator","5.4 – OVERCONSUMPTION, WASTE & CIRCULARITY

As related to SDG 12: Responsible Consumption and Production – particularly targets 12.5, 12.6 and 12.8","Offers permanent, year-round take-back schemes/in-store recycling",1
"5. SPOTLIGHT ISSUES
 
5.1 – DECENT WORK & PURCHASING PRACTICES
5.2 – GENDER & RACIAL EQUALITY
5.3 – SUSTAINABLE SOURCING & MATERIALS
5.4 – OVERCONSUMPTION, WASTE & CIRCULARITY
5.4 – WATER & CHEMICALS
5.6 – CLIMATE CHANGE & BIODIVERSITY

Reports published after January 2020, where relevant to indicator","5.4 – OVERCONSUMPTION, WASTE & CIRCULARITY

As related to SDG 12: Responsible Consumption and Production – particularly targets 12.5, 12.6 and 12.8","Discloses what happens to clothes received through take-back scheme (e.g. how much is resold locally, resold into other markets, downcycled, upcycled, recycled into new textiles)",1
"5. SPOTLIGHT ISSUES
 
5.1 – DECENT WORK & PURCHASING PRACTICES
5.2 – GENDER & RACIAL EQUALITY
5.3 – SUSTAINABLE SOURCING & MATERIALS
5.4 – OVERCONSUMPTION, WASTE & CIRCULARITY
5.4 – WATER & CHEMICALS
5.6 – CLIMATE CHANGE & BIODIVERSITY

Reports published after January 2020, where relevant to indicator","5.4 – OVERCONSUMPTION, WASTE & CIRCULARITY

As related to SDG 12: Responsible Consumption and Production – particularly targets 12.5, 12.6 and 12.8",Offers new business models that support clothing longevity and slow down consumption of new clothing such as renting and reselling ,1
"5. SPOTLIGHT ISSUES
 
5.1 – DECENT WORK & PURCHASING PRACTICES
5.2 – GENDER & RACIAL EQUALITY
5.3 – SUSTAINABLE SOURCING & MATERIALS
5.4 – OVERCONSUMPTION, WASTE & CIRCULARITY
5.4 – WATER & CHEMICALS
5.6 – CLIMATE CHANGE & BIODIVERSITY

Reports published after January 2020, where relevant to indicator","5.4 – OVERCONSUMPTION, WASTE & CIRCULARITY

As related to SDG 12: Responsible Consumption and Production – particularly targets 12.5, 12.6 and 12.8",Offers repair services in order to increase clothing longevity  and slow down consumption of new clothing ,1
"5. SPOTLIGHT ISSUES
 
5.1 – DECENT WORK & PURCHASING PRACTICES
5.2 – GENDER & RACIAL EQUALITY
5.3 – SUSTAINABLE SOURCING & MATERIALS
5.4 – OVERCONSUMPTION, WASTE & CIRCULARITY
5.4 – WATER & CHEMICALS
5.6 – CLIMATE CHANGE & BIODIVERSITY

Reports published after January 2020, where relevant to indicator","5.4 – OVERCONSUMPTION, WASTE & CIRCULARITY

As related to SDG 12: Responsible Consumption and Production – particularly targets 12.5, 12.6 and 12.8",Disclose evidence of developing circular solutions that enable textile to textile recycling beyond reuse and downcycling (e.g. closed loop textile recycling; nb. use of recycled materials not sufficient),1
"5. SPOTLIGHT ISSUES
 
5.1 – DECENT WORK & PURCHASING PRACTICES
5.2 – GENDER & RACIAL EQUALITY
5.3 – SUSTAINABLE SOURCING & MATERIALS
5.4 – OVERCONSUMPTION, WASTE & CIRCULARITY
5.4 – WATER & CHEMICALS
5.6 – CLIMATE CHANGE & BIODIVERSITY

Reports published after January 2020, where relevant to indicator","5.4 – OVERCONSUMPTION, WASTE & CIRCULARITY

As related to SDG 12: Responsible Consumption and Production – particularly targets 12.5, 12.6 and 12.8",Discloses % of products that are designed to enable closed loop or textile to textile recycling at end of life,1
"5. SPOTLIGHT ISSUES
 
5.1 – DECENT WORK & PURCHASING PRACTICES
5.2 – GENDER & RACIAL EQUALITY
5.3 – SUSTAINABLE SOURCING & MATERIALS
5.4 – OVERCONSUMPTION, WASTE & CIRCULARITY
5.4 – WATER & CHEMICALS
5.6 – CLIMATE CHANGE & BIODIVERSITY

Reports published after January 2020, where relevant to indicator","5.4 – OVERCONSUMPTION, WASTE & CIRCULARITY

As related to SDG 12: Responsible Consumption and Production – particularly targets 12.5, 12.6 and 12.8",Discloses efforts to provide upskilling and/or investment in supply chain workers for a Just Transition to Circular Economy ,1
"5. SPOTLIGHT ISSUES
 
5.1 – DECENT WORK & PURCHASING PRACTICES
5.2 – GENDER & RACIAL EQUALITY
5.3 – SUSTAINABLE SOURCING & MATERIALS
5.4 – OVERCONSUMPTION, WASTE & CIRCULARITY
5.4 – WATER & CHEMICALS
5.6 – CLIMATE CHANGE & BIODIVERSITY

Reports published after January 2020, where relevant to indicator","5.5 – WATER & CHEMICALS

As related to SDG 6: Clean Water – particularly targets 6.3 and 6.4 ",Discloses a time-bound commitment/roadmap to eliminate the use of hazardous chemicals as aligned with international standards such as ZDHC and Bluesign,1
"5. SPOTLIGHT ISSUES
 
5.1 – DECENT WORK & PURCHASING PRACTICES
5.2 – GENDER & RACIAL EQUALITY
5.3 – SUSTAINABLE SOURCING & MATERIALS
5.4 – OVERCONSUMPTION, WASTE & CIRCULARITY
5.4 – WATER & CHEMICALS
5.6 – CLIMATE CHANGE & BIODIVERSITY

Reports published after January 2020, where relevant to indicator","5.5 – WATER & CHEMICALS

As related to SDG 6: Clean Water – particularly targets 6.3 and 6.4 ","Discloses measurable progress towards eliminating the use of hazardous chemicals at supply chain partners as aligned with international standards such as ZDHC MRSL, e.g. via Bluesign or STeP by Oeko Tex",1
"5. SPOTLIGHT ISSUES
 
5.1 – DECENT WORK & PURCHASING PRACTICES
5.2 – GENDER & RACIAL EQUALITY
5.3 – SUSTAINABLE SOURCING & MATERIALS
5.4 – OVERCONSUMPTION, WASTE & CIRCULARITY
5.4 – WATER & CHEMICALS
5.6 – CLIMATE CHANGE & BIODIVERSITY

Reports published after January 2020, where relevant to indicator","5.5 – WATER & CHEMICALS

As related to SDG 6: Clean Water – particularly targets 6.3 and 6.4 ",Publishes supplier wastewater test results,1
"5. SPOTLIGHT ISSUES
 
5.1 – DECENT WORK & PURCHASING PRACTICES
5.2 – GENDER & RACIAL EQUALITY
5.3 – SUSTAINABLE SOURCING & MATERIALS
5.4 – OVERCONSUMPTION, WASTE & CIRCULARITY
5.4 – WATER & CHEMICALS
5.6 – CLIMATE CHANGE & BIODIVERSITY

Reports published after January 2020, where relevant to indicator","5.5 – WATER & CHEMICALS

As related to SDG 6: Clean Water – particularly targets 6.3 and 6.4 ","Publishes annual water footprint in company’s owned and operated facilities (e.g. head office, retail stores, distribution centres, warehouses, etc.)",1
"5. SPOTLIGHT ISSUES
 
5.1 – DECENT WORK & PURCHASING PRACTICES
5.2 – GENDER & RACIAL EQUALITY
5.3 – SUSTAINABLE SOURCING & MATERIALS
5.4 – OVERCONSUMPTION, WASTE & CIRCULARITY
5.4 – WATER & CHEMICALS
5.6 – CLIMATE CHANGE & BIODIVERSITY

Reports published after January 2020, where relevant to indicator","5.5 – WATER & CHEMICALS

As related to SDG 6: Clean Water – particularly targets 6.3 and 6.4 ",Publishes annual water footprint at manufacturing and/or processing facility level,2
"5. SPOTLIGHT ISSUES
 
5.1 – DECENT WORK & PURCHASING PRACTICES
5.2 – GENDER & RACIAL EQUALITY
5.3 – SUSTAINABLE SOURCING & MATERIALS
5.4 – OVERCONSUMPTION, WASTE & CIRCULARITY
5.4 – WATER & CHEMICALS
5.6 – CLIMATE CHANGE & BIODIVERSITY

Reports published after January 2020, where relevant to indicator","5.5 – WATER & CHEMICALS

As related to SDG 6: Clean Water – particularly targets 6.3 and 6.4 ",Publishes annual water footprint at fibre production and/or raw material level,2
"5. SPOTLIGHT ISSUES
 
5.1 – DECENT WORK & PURCHASING PRACTICES
5.2 – GENDER & RACIAL EQUALITY
5.3 – SUSTAINABLE SOURCING & MATERIALS
5.4 – OVERCONSUMPTION, WASTE & CIRCULARITY
5.4 – WATER & CHEMICALS
5.6 – CLIMATE CHANGE & BIODIVERSITY

Reports published after January 2020, where relevant to indicator","5.5 – WATER & CHEMICALS

As related to SDG 6: Clean Water – particularly targets 6.3 and 6.4 ",Discloses process or methodology for conducting water-related risk assessments,1
"5. SPOTLIGHT ISSUES
 
5.1 – DECENT WORK & PURCHASING PRACTICES
5.2 – GENDER & RACIAL EQUALITY
5.3 – SUSTAINABLE SOURCING & MATERIALS
5.4 – OVERCONSUMPTION, WASTE & CIRCULARITY
5.4 – WATER & CHEMICALS
5.6 – CLIMATE CHANGE & BIODIVERSITY

Reports published after January 2020, where relevant to indicator","5.6 - CLIMATE CHANGE & BIODIVERSITY

As related to SDG 13: Climate Action target 13.3 and SDG 15: Life on Land – particularly targets 15.1, 15.2, 15.3 and 15.5 
","Publishes time-bound, measurable commitment to decarbonisation ",1
"5. SPOTLIGHT ISSUES
 
5.1 – DECENT WORK & PURCHASING PRACTICES
5.2 – GENDER & RACIAL EQUALITY
5.3 – SUSTAINABLE SOURCING & MATERIALS
5.4 – OVERCONSUMPTION, WASTE & CIRCULARITY
5.4 – WATER & CHEMICALS
5.6 – CLIMATE CHANGE & BIODIVERSITY

Reports published after January 2020, where relevant to indicator","5.6 - CLIMATE CHANGE & BIODIVERSITY

As related to SDG 13: Climate Action target 13.3 and SDG 15: Life on Land – particularly targets 15.1, 15.2, 15.3 and 15.5 
",Publishes near (5-10 years) and long term (2040-2050) science-based targets (aligned with the 1.5°C pathway) in line with the Science Based Targets Initiative. ,1
"5. SPOTLIGHT ISSUES
 
5.1 – DECENT WORK & PURCHASING PRACTICES
5.2 – GENDER & RACIAL EQUALITY
5.3 – SUSTAINABLE SOURCING & MATERIALS
5.4 – OVERCONSUMPTION, WASTE & CIRCULARITY
5.4 – WATER & CHEMICALS
5.6 – CLIMATE CHANGE & BIODIVERSITY

Reports published after January 2020, where relevant to indicator","5.6 - CLIMATE CHANGE & BIODIVERSITY

As related to SDG 13: Climate Action target 13.3 and SDG 15: Life on Land – particularly targets 15.1, 15.2, 15.3 and 15.5 
",Publishes measurable progress towards decarbonisation. ,1
"5. SPOTLIGHT ISSUES
 
5.1 – DECENT WORK & PURCHASING PRACTICES
5.2 – GENDER & RACIAL EQUALITY
5.3 – SUSTAINABLE SOURCING & MATERIALS
5.4 – OVERCONSUMPTION, WASTE & CIRCULARITY
5.4 – WATER & CHEMICALS
5.6 – CLIMATE CHANGE & BIODIVERSITY

Reports published after January 2020, where relevant to indicator","5.6 - CLIMATE CHANGE & BIODIVERSITY

As related to SDG 13: Climate Action target 13.3 and SDG 15: Life on Land – particularly targets 15.1, 15.2, 15.3 and 15.5 
","Discloses the level annual investment in decarbonisation (i.e. investment in R&D, purchase of facilities, helping suppliers access finance to cover costs of a green transition, sustainability-linked loan, insetting back into supply chain such as investment in renewables or regenerative farming) to demonstrate action on decarbonisation targets
",1
"5. SPOTLIGHT ISSUES
 
5.1 – DECENT WORK & PURCHASING PRACTICES
5.2 – GENDER & RACIAL EQUALITY
5.3 – SUSTAINABLE SOURCING & MATERIALS
5.4 – OVERCONSUMPTION, WASTE & CIRCULARITY
5.4 – WATER & CHEMICALS
5.6 – CLIMATE CHANGE & BIODIVERSITY

Reports published after January 2020, where relevant to indicator","5.6 - CLIMATE CHANGE & BIODIVERSITY

As related to SDG 13: Climate Action target 13.3 and SDG 15: Life on Land – particularly targets 15.1, 15.2, 15.3 and 15.5 
","Explains what is included in the company's scopes 1, 2 and 3 emissions",1
"5. SPOTLIGHT ISSUES
 
5.1 – DECENT WORK & PURCHASING PRACTICES
5.2 – GENDER & RACIAL EQUALITY
5.3 – SUSTAINABLE SOURCING & MATERIALS
5.4 – OVERCONSUMPTION, WASTE & CIRCULARITY
5.4 – WATER & CHEMICALS
5.6 – CLIMATE CHANGE & BIODIVERSITY

Reports published after January 2020, where relevant to indicator","5.6 - CLIMATE CHANGE & BIODIVERSITY

As related to SDG 13: Climate Action target 13.3 and SDG 15: Life on Land – particularly targets 15.1, 15.2, 15.3 and 15.5 
",Publishes evidence that maps environmental risks and impacts directly to financial statements (eg Environmental Profit & Loss),1
"5. SPOTLIGHT ISSUES
 
5.1 – DECENT WORK & PURCHASING PRACTICES
5.2 – GENDER & RACIAL EQUALITY
5.3 – SUSTAINABLE SOURCING & MATERIALS
5.4 – OVERCONSUMPTION, WASTE & CIRCULARITY
5.4 – WATER & CHEMICALS
5.6 – CLIMATE CHANGE & BIODIVERSITY

Reports published after January 2020, where relevant to indicator","5.6 - CLIMATE CHANGE & BIODIVERSITY

As related to SDG 13: Climate Action target 13.3 and SDG 15: Life on Land – particularly targets 15.1, 15.2, 15.3 and 15.5 
","Publishes time-bound, measurable commitment to zero deforestation",1
"5. SPOTLIGHT ISSUES
 
5.1 – DECENT WORK & PURCHASING PRACTICES
5.2 – GENDER & RACIAL EQUALITY
5.3 – SUSTAINABLE SOURCING & MATERIALS
5.4 – OVERCONSUMPTION, WASTE & CIRCULARITY
5.4 – WATER & CHEMICALS
5.6 – CLIMATE CHANGE & BIODIVERSITY

Reports published after January 2020, where relevant to indicator","5.6 - CLIMATE CHANGE & BIODIVERSITY

As related to SDG 13: Climate Action target 13.3 and SDG 15: Life on Land – particularly targets 15.1, 15.2, 15.3 and 15.5 
",Publishes measurable progress towards achieving zero deforestation,1
"5. SPOTLIGHT ISSUES
 
5.1 – DECENT WORK & PURCHASING PRACTICES
5.2 – GENDER & RACIAL EQUALITY
5.3 – SUSTAINABLE SOURCING & MATERIALS
5.4 – OVERCONSUMPTION, WASTE & CIRCULARITY
5.4 – WATER & CHEMICALS
5.6 – CLIMATE CHANGE & BIODIVERSITY

Reports published after January 2020, where relevant to indicator","5.6 - CLIMATE CHANGE & BIODIVERSITY

As related to SDG 13: Climate Action target 13.3 and SDG 15: Life on Land – particularly targets 15.1, 15.2, 15.3 and 15.5 
",Discloses evidence of implementing regenerative farming practices in one or more raw material sources,1
"5. SPOTLIGHT ISSUES
 
5.1 – DECENT WORK & PURCHASING PRACTICES
5.2 – GENDER & RACIAL EQUALITY
5.3 – SUSTAINABLE SOURCING & MATERIALS
5.4 – OVERCONSUMPTION, WASTE & CIRCULARITY
5.4 – WATER & CHEMICALS
5.6 – CLIMATE CHANGE & BIODIVERSITY

Reports published after January 2020, where relevant to indicator","5.6 - CLIMATE CHANGE & BIODIVERSITY

As related to SDG 13: Climate Action target 13.3 and SDG 15: Life on Land – particularly targets 15.1, 15.2, 15.3 and 15.5 
","Publishes annual carbon footprint or GHG emissions in owned and operated facilities (e.g. head office, retail stores, distribution centres, warehouses, transport and mail orders, etc.)",1
"5. SPOTLIGHT ISSUES
 
5.1 – DECENT WORK & PURCHASING PRACTICES
5.2 – GENDER & RACIAL EQUALITY
5.3 – SUSTAINABLE SOURCING & MATERIALS
5.4 – OVERCONSUMPTION, WASTE & CIRCULARITY
5.4 – WATER & CHEMICALS
5.6 – CLIMATE CHANGE & BIODIVERSITY

Reports published after January 2020, where relevant to indicator","5.6 - CLIMATE CHANGE & BIODIVERSITY

As related to SDG 13: Climate Action target 13.3 and SDG 15: Life on Land – particularly targets 15.1, 15.2, 15.3 and 15.5 
","Publishes annual value chain/scope 3 carbon footprint, focusing on detailed calculations on GHG emissions in the supply chain (e.g. at manufacturing and processing facilities, textile production), with estimations for downstream impacts",2
"5. SPOTLIGHT ISSUES
 
5.1 – DECENT WORK & PURCHASING PRACTICES
5.2 – GENDER & RACIAL EQUALITY
5.3 – SUSTAINABLE SOURCING & MATERIALS
5.4 – OVERCONSUMPTION, WASTE & CIRCULARITY
5.4 – WATER & CHEMICALS
5.6 – CLIMATE CHANGE & BIODIVERSITY

Reports published after January 2020, where relevant to indicator","5.6 - CLIMATE CHANGE & BIODIVERSITY

As related to SDG 13: Climate Action target 13.3 and SDG 15: Life on Land – particularly targets 15.1, 15.2, 15.3 and 15.5 
","Publishes annual value chain/carbon footprint at a raw material level, with estimations for downstream impacts",2
"5. SPOTLIGHT ISSUES
 
5.1 – DECENT WORK & PURCHASING PRACTICES
5.2 – GENDER & RACIAL EQUALITY
5.3 – SUSTAINABLE SOURCING & MATERIALS
5.4 – OVERCONSUMPTION, WASTE & CIRCULARITY
5.4 – WATER & CHEMICALS
5.6 – CLIMATE CHANGE & BIODIVERSITY

Reports published after January 2020, where relevant to indicator","5.6 - CLIMATE CHANGE & BIODIVERSITY

As related to SDG 13: Climate Action target 13.3 and SDG 15: Life on Land – particularly targets 15.1, 15.2, 15.3 and 15.5 
","Discloses data on absolute energy reduction in the supply chain (e.g. at manufacturing and processing facilities, fibre production level)",2
"5. SPOTLIGHT ISSUES
 
5.1 – DECENT WORK & PURCHASING PRACTICES
5.2 – GENDER & RACIAL EQUALITY
5.3 – SUSTAINABLE SOURCING & MATERIALS
5.4 – OVERCONSUMPTION, WASTE & CIRCULARITY
5.4 – WATER & CHEMICALS
5.6 – CLIMATE CHANGE & BIODIVERSITY

Reports published after January 2020, where relevant to indicator","5.6 - CLIMATE CHANGE & BIODIVERSITY

As related to SDG 13: Climate Action target 13.3 and SDG 15: Life on Land – particularly targets 15.1, 15.2, 15.3 and 15.5 
","% of energy use coming from renewable sources in the company’s owned and operated facilities (e.g. head office, retail stores, distribution centres, warehouses, etc.)",1
"5. SPOTLIGHT ISSUES
 
5.1 – DECENT WORK & PURCHASING PRACTICES
5.2 – GENDER & RACIAL EQUALITY
5.3 – SUSTAINABLE SOURCING & MATERIALS
5.4 – OVERCONSUMPTION, WASTE & CIRCULARITY
5.4 – WATER & CHEMICALS
5.6 – CLIMATE CHANGE & BIODIVERSITY

Reports published after January 2020, where relevant to indicator","5.6 - CLIMATE CHANGE & BIODIVERSITY

As related to SDG 13: Climate Action target 13.3 and SDG 15: Life on Land – particularly targets 15.1, 15.2, 15.3 and 15.5 
","% of energy use coming from renewable sources in the supply chain (e.g. at manufacturing and processing facilities, fibre production level)",2
"5. SPOTLIGHT ISSUES
 
5.1 – DECENT WORK & PURCHASING PRACTICES
5.2 – GENDER & RACIAL EQUALITY
5.3 – SUSTAINABLE SOURCING & MATERIALS
5.4 – OVERCONSUMPTION, WASTE & CIRCULARITY
5.4 – WATER & CHEMICALS
5.6 – CLIMATE CHANGE & BIODIVERSITY

Reports published after January 2020, where relevant to indicator","5.6 - CLIMATE CHANGE & BIODIVERSITY

As related to SDG 13: Climate Action target 13.3 and SDG 15: Life on Land – particularly targets 15.1, 15.2, 15.3 and 15.5 
",Discloses commitment to RE100,0
"5. SPOTLIGHT ISSUES
 
5.1 – DECENT WORK & PURCHASING PRACTICES
5.2 – GENDER & RACIAL EQUALITY
5.3 – SUSTAINABLE SOURCING & MATERIALS
5.4 – OVERCONSUMPTION, WASTE & CIRCULARITY
5.4 – WATER & CHEMICALS
5.6 – CLIMATE CHANGE & BIODIVERSITY

Reports published after January 2020, where relevant to indicator","5.6 - CLIMATE CHANGE & BIODIVERSITY

As related to SDG 13: Climate Action target 13.3 and SDG 15: Life on Land – particularly targets 15.1, 15.2, 15.3 and 15.5 
","Discloses what proportion of production is powered by coal, including which geographies and sectors are affected ",1